TÍTULO,AUTOR,EDICIÓN,ISBN
La Bella y La Bestia (Novelización de la película),A.L. Singer,Tapa dura,9788440644701
Fable,Adrienne Young,Tapa blanda,9788417854348
Asesinato en el Orient Express (Hercule Poirot 10),Agatha Christie,Tapa blanda,9789563602135
Diez negritos,Agatha Christie,Tapa blanda,9789875807464
El Espejo Roto (Miss Marple 8),Agatha Christie,Tapa blanda,9789875800120
Muerte en el Nilo (Hercule Poirot 18),Agatha Christie,Tapa blanda,9789871144495
Un cadáver en la biblioteca (Miss Marple 2),Agatha Christie,Tapa blanda,9786070744761
Perdidos en Nunca Jamás,Aiden Thomas,Tapa blanda,9789877477955
"Saud, el Leopardo",Alberto Vázquez-Figueroa,Tapa dura,9788498723694
Pabellón 57,Alejandra Diaz,Tapa blanda,9789561238121
Un extraño lugar para morir,Alejandro Pedregosa,Tapa blanda,9788466637961
Noche de caballeros,Alexene Farol Follmuth,Tapa blanda,9788410239104
El chico que dibujaba constelaciones,Alice Kellen,Tapa blanda,9786070797255
El día que dejó de nevar en Alaska,Alice Kellen,Tapa dura,9788419131447
Heartstopper (Tomo 5),Alice Oseman,Tapa blanda,9786313001002
Heartstopper (Tomo 2),Alice Oseman,Tapa blanda,9789877476583
Heartstopper (Tomo 4),Alice Oseman,Tapa blanda,9789877477474
Heartstopper (Tomo 3),Alice Oseman,Tapa blanda,9789877476972
Heartstopper (Tomo 1),Alice Oseman,Tapa blanda,9789877475876
Heartstopper (Portada Netflix),Alice Oseman,Tapa blanda,9781444968927
Loveless: ¿Está destinada a vivir sin amor?,Alice Oseman,Tapa blanda,9789877477993
Nick y Charlie,Alice Oseman,Tapa blanda,9789877478242
Radio silencio,Alice Oseman,Tapa blanda,9789877479911
El beso final (Spirits and Saints 1),Alicia Jasinska,Tapa blanda,9786073928861
Proyecto Hail Mary,Andy Weir,Tapa blanda,9786073802536
Entrevista con el vampiro (Crónicas vampíricas 1),Anne Rice,Tapa dura,9788498721584
Un hombre muerto en Deptford,Anthony Burgess,Tapa blanda,9788420473673
El principito,Antoine de Saint-Exupéry,Tapa dura,9789563163858
El principito,Antoine de Saint-Exupéry,Tapa dura,9789962047506
Relatos de Samuráis,Asataro Miyamori,Tapa blanda,9788494117329
Un hogar en tinieblas,Barbara Esstman,Tapa blanda,9788497594288
Tierra sagrada,Barbara Wood,Tapa blanda,9788497937245
Marea,Beatriz García-Huidobro,Tapa blanda,9789562825375
"Hush, Hush (Hush, Hush 1)",Becca Fitzpatrick,Tapa blanda,9788466644174
Leah a destiempo (Simonverse 3),Becky Albertalli,Tapa blanda,9789874132086
"Yo, Simon, Homo Sapiens (Creekwood 1)",Becky Albertalli,Tapa blanda,9788416622665
Cuando reescribamos la historia,Belén Martínez Sánchez,Tapa blanda,9788410239098
Aristóteles y Dante descubren los secretos del universo (Aristóteles y Dante 1),Benjamin Alire Sáenz,Tapa blanda,9789569963728
Alguien se acerca,Benjamín Prado,Tapa blanda,9788420483726
Electrocante,Boris Quercia,Tapa blanda,9789569585845
Drácula,Bram Stoker,Tapa dura,9788439731078
El Rithmatista (Rithmatist 1),Brandon Sanderson,Tapa blanda,9788466655866
El corazón de la bestia,Brie Spangler,Tapa blanda,9788490436257
Forjemos estrellas de plata (Forging Silver into Stars 1),Brigid Kemmerer,Tapa blanda,9788417854980
Un corazón valiente y roto (Curserbreakers 2),Brigid Kemmerer,Tapa blanda,9788492918959
Una maldición oscura y solitaria (Cursebreakers 1),Brigid Kemmerer,Tapa blanda,9788492918461
Una promesa audaz y mortal (Cursebreakers 3),Brigid Kemmerer,Tapa blanda,9788417854409
El hombre de tiza,C.J. Tudor,Tapa blanda,9788466350471
El sobrino del mago,C.S. Lewis,Tapa dura,9788408057024
Lady Gaga. Poker Face: El ascenso imparable de una diva,"Callahan, Maureen",Tapa blanda,9788466646864
La princesa de hielo (Fjällbacka 1),Camilla Läckberg,Tapa blanda,9788415140054
Almuerzo de vampiros,Carlos Franz,Tapa blanda,9789563254969
La Sombra del Viento (El cementerio de los libros olvidados),Carlos Ruiz Zafón,Tapa dura,9788422696896
Teatro de sombras. Asia-Europa-Chile,Carmen Luz Maturana,Tapa blanda,9789568601522
El despertar de la sirena,Carolina Andújar,Tapa blanda,9789585951099
Nuestros poderes ocultos,Caroline O'Donoghue,Tapa blanda,9789878120553
"Rojo, blanco y sangre azul",Casey McQuiston,Tapa blanda,9788427218697
Una última parada,Casey McQuiston,Tapa blanda,9789878120447
Visión Cromática,Catalina Giselle Toloza Espinoza,Tapa blanda,9789566145073
Wishes,Catalina Giselle Toloza Espinoza,Tapa blanda,9789560967305
Jane Eyre,Charlotte Brontë,Tapa blanda,9789563608137
Sobre el duelo,Chimamanda Ngozi Adichie,Tapa blanda,9789566045465
El chico de las estrellas,Chris Pueyo,Tapa blanda,9789563600957
La Tumba Maldita (Las investigaciones de Setna 1),Christian Jacq,Tapa blanda,9789504953319
El príncipe del Sol (El príncipe del sol 1),Claudia Ramírez Lomelí,Tapa blanda,9789584275080
La corte del eclipse (El príncipe del sol 3),Claudia Ramírez Lomelí,Tapa blanda,9789504979517
La ladrona de la luna (El príncipe del sol 2),Claudia Ramírez Lomelí,Tapa blanda,9789504969662
En el calor de la noche (The Gardella Vampire Hunters 2),Colleen Gleason,Tapa blanda,9788492617975
El código Da Vinci (Robert Langdon 2),Dan Brown,Tapa blanda,9788495618603
Qué es el sueño: una ventana a los misterios del cerebro,Daniel Pedro Cardinali,Tapa blanda,9789501201451
Luisa 1912: Feminista del Chile Centenario,Daniela Viviani,Tapa blanda,9789563605419
Maldita jefa,Daniela Viviani,Tapa blanda,9789563603781
Un final llamado Inés,Daniela Viviani,Tapa blanda,9789564083476
Victor 1907,Daniela Viviani,Tapa blanda,9789563607314
Cabra lesa (1),Daniela Viviani y Diego Zúñiga,Tapa blanda,9789562848190
Cabra lesa ¡Nunca cambies! (2),Daniela Viviani y Diego Zúñiga,Tapa blanda,9789569183010
Divina Comedia,Dante Alighieri,Tapa blanda,9789563162011
La divina comedia. Ilustraciones de Gustavo Doré,Dante Alighieri,Tapa dura,9788497943727
Cielo rojo,David Lozano Garbala,Tapa blanda,9788413922003
Vampirismo,E.T.A. Hoffmann,Tapa blanda,9788493796365
Narraciones Extraordinarias,Edgar Allan Poe,Tapa dura,9789563161311
El ingrediente secreto de Emoni Santiago,Elizabeth Acevedo,Tapa blanda,9789567042821
La promesa del dragón (Six crimson cranes 2),Elizabeth Lim,Tapa blanda,9786073908726
Seis grullas (Six crimson cranes 1),Elizabeth Lim,Tapa blanda,9786070796128
Cumbres borrascosas,Emily Brontë,Tapa blanda,9789563606621
El cubo B (Artemis Fowl 3),Eoin Colfer,Tapa dura,9788484412229
Artemis Fowl y su peor enemigo (Artemis Fowl 6),Eoin Colfer,Tapa dura,9788484415459
Encuentro en el Ártico (Artemis Fowl 2),Eoin Colfer,Tapa dura,9788484411741
La hora de la verdad (Artemis Fowl 7),Eoin Colfer,Tapa dura,9788484417033
Armada,Ernest Cline,Tapa blanda,9788466658935
Ready player one,Ernest Cline,Tapa blanda,9788466649179
Agencia matrimonial para ricos,Farahad Zama,Tapa blanda,9788466639705
Play. Ilustraciones. 40 canciones para ver,Felipe Ossandón,Tapa blanda,9789563041132
El buzón de las impuras,Francisca Solar,Tapa blanda,9789566196778
Los últimos días de Clayton & Co.,Francisca Solar,Tapa blanda,9789566402282
Sueños de mala fortuna,Francisco Bassignana,Tapa dura,9789569071003
La Metamorfosis,Franz Kafka,Tapa blanda,9788496975538
Qué dificil es el amor para un otaku (1),Fujita,Tapa blanda,9788417644543
Qué dificil es el amor para un otaku (2),Fujita,Tapa blanda,9788417665654
El amor en los tiempos del cólera (edición ilustrada),Gabriel García Márquez,Tapa dura,9788439735427
Dos soledades: Un diálogo sobre la novela en América Latina,Gabriel García Márquez y Mario Vargas Llosa,Tapa blanda,9788420454160
La Bella y Bestia (Ilustrado),Gabrielle-Suzanne Barbot de Villeneuve,Tapa dura,9788494171413
Jujutsu Kaisen: El incidente de Shibuya -Metamorfosis- (15),Gege Akutami,Tapa blanda,9786075688985
Jujutsu Kaisen: Una oscuridad resplandeciente (0),Gege Akutami,Tapa blanda,9786075683409
Rebelión en la granja,George Orwell,Tapa blanda,9788499890951
Rebelión en la granja (Novela gráfica),George Orwell,Tapa dura,9788466346351
El caballero de los Siete Reinos,George R.R. Martin,Tapa blanda,9789569646010
El mundo de hielo y fuego,George R.R. Martin,Tapa dura,9786073132411
Juego de Tronos (Canción de hielo y fuego 1),George R.R. Martin,Tapa blanda,9789568352691
Cochrane vs. Cthulhu (Lord Cochrane 1),Gilberto Villarroel,Tapa blanda,9789569585340
Lord Cochrane y la Hermandad de las catacumbas (Lord Cochrane),Gilberto Villarroel,Tapa blanda,9789569585494
Perdida,Gillian Flynn,Tapa blanda,9789877251883
El fin de los escribas (Will Piper 3),Glenn Cooper,Tapa blanda,9789502806761
El libro de las almas (Will Piper 2),Glenn Cooper,Tapa blanda,9789502805542
La biblioteca de los muertos (Will Piper 1),Glenn Cooper,Tapa blanda,9789502805108
Cuentos Japoneses de Doncellas,Grace James,Tapa blanda,9788494344992
Cómo vender una casa embrujada,Grady Hendrix,Tapa blanda,9789569957284
La forma del agua,Guillermo del Toro,Tapa blanda,9788492915996
La guerra de los mundos,H.G. Wells,Tapa blanda,9788416827022
La máquina del tiempo,H.G. Wells,Tapa dura,9788408210054
H. P. Lovecraft. Narrativa completa (Tomo 3),H.P. Lovecraft,Tapa blanda,9788415999935
H. P. Lovecraft. Narrativa completa (Tomo 2),H.P. Lovecraft,Tapa blanda,9788415999928
H.P. Lovecraft Narrativa Completa (Tomo 1),H.P. Lovecraft,Tapa blanda,9788415999911
Necronomicón,H.P. Lovecraft,Tapa blanda,9788415999188
Tim te Maro y la magia de los corazones rotos,H.S. Valley,Tapa blanda,9789877478259
Algo entre nosotros,Hagi,Tapa blanda,9788417373184
La biblioteca de la medianoche (The midnight world 1),Haig Matt,Tapa dura,9786075507712
Tan poca vida,Hanya Yanagihara,Tapa blanda,9788426403278
La guerra de los lobos (La Moïra 2),Henri Lœvenbruck,Tapa dura,9788448035631
La loba y la niña (La Moïra 1),Henri Lœvenbruck,Tapa dura,9788448035624
Lugares seguros,Ignacio Rebolledo,Tapa blanda,9789563842050
Anne sin filtros,Iria G. Parente y Selene M. Pascual,Tapa blanda,9789878120096
El eco del destino (Time Keeper 1),Iria G. Parente y Selene M. Pascual,Tapa blanda,9789566146315
Pétalos de papel (Cantos pintados) ,Iria G. Parente y Selene M. Pascual,Edición especial,9788427246836
Trilogia de La fundación,Isaac Asimov,Tapa blanda,9789875666733
R y Julie,Isaac Marion,Tapa blanda,9789569659041
Algo más que vecinos,Isabel Keats,Tapa blanda,9788468728292
Animales fantásticos y dónde encontrarlos,J.K. Rowling,Tapa blanda,9788498382686
Harry Potter and the Order of the Phoenix (Harry Potter 5),J.K. Rowling,Tapa dura,9780747569404
Harry Potter y el cáliz de fuego (Harry Potter 4),J.K. Rowling,Tapa dura,9789566075127
Harry Potter y el legado maldito (Harry Potter 8),J.K. Rowling,Tapa blanda,9788498387551
Harry Potter y el misterio del príncipe (Harry Potter 6),J.K. Rowling,Tapa dura,9788478889914
Harry Potter y el prisionero de Azkaban (Harry Potter 3),J.K. Rowling,Tapa dura,9788498380194
Harry Potter y la cámara secreta (Harry Potter 2),J.K. Rowling,Tapa dura,9788498380187
Harry Potter y la Orden del Fénix (Harry Potter 5),J.K. Rowling,Tapa dura,9788498380217
Harry Potter y la piedra filosofal (Harry Potter 1),J.K. Rowling,Tapa dura,9788498380170
Harry Potter y las reliquias de la muerte ((Harry Potter 7),J.K. Rowling,Tapa dura,9788498381436
Los cuentos de Beedle el bardo,J.K. Rowling,Tapa dura,9788498381955
Quidditch a través de los tiempos,J.K. Rowling,Tapa dura,9788498387926
Una Vacante Imprevista,J.K. Rowling,Tapa blanda,9788498384932
Calíope: agente de Nunca Jamás (Calíope 1),J.L. Flores,Tapa blanda,9789567388004
Calíope: las lobas del otoño (Calíope 2),J.L. Flores,Tapa blanda,9789567388110
Peter Pan,J.M. Barrie,Tapa dura,9788418008146
Peter Pan y Wendy,J.M. Barrie,Tapa dura,9788408167167
Hasta Los Huesos ,J.R. Johansson,Tapa blanda,9789877475609
El Silmarillion,J.R.R. Tolkien,Tapa blanda,9789562476645
Otaku: Cuatro décadas de cultura popular japonesa en Chile,Jacqueline Herrera,Tapa blanda,9789569505225
"Mary, Mary (Alex Cross 11)",James Patterson,Tapa blanda,9788466613996
Alice y la mosca,James Rice,Tapa blanda,9789504951308
Emma,Jane Austen,Tapa dura,9788491045175
Orgullo y prejuicio / Sentido y sensibilidad (Obras selectas series),Jane Austen,Tapa dura,9788497941587
Pride and Prejudice: A Book-to-Table Classic (Puffin Plated),Jane Austen,Tapa dura,9780451479914
La abadía de Northanger,Jane Austen,Tapa blanda,9788491045137
Lady Susan y otras novelas,Jane Austen,Tapa dura,9788491047711
Mansfield Park,Jane Austen,Tapa dura,9788491045144
"Orgullo y prejuicio (Alianza, Centenario Jane Austen)",Jane Austen,Tapa dura,9788491045120
"Orgullo y prejuicio (Austral, Edición especial)",Jane Austen,Tapa dura,9788467077834
Orgullo y prejuicio (Copec),Jane Austen,Tapa blanda,9789566180425
"Orgullo y prejuicio (Penguin, Edición conmemorativa)",Jane Austen,Tapa dura,9788491051329
Orgullo y prejuicio (Alfaguara),Jane Austen,Tapa dura,9789585118577
Orgullo y prejuicio (Blanco & Negro),Jane Austen,Tapa dura,9786289584219
Orgullo y prejuicio. Clásicos para leer y escuchar con Mickey y sus amigos,Jane Austen,Tapa dura,9781503766204
Persuasión,Jane Austen,Tapa dura,9788491045151
Pride and Prejudice (Chronicle Books),Jane Austen,Edición especial,9781452184579
Sensatez y sentimiento,Jane Austen,Tapa dura,9788491045168
Quitral,Javi Zanelli,Tapa blanda,9789566386407
La cena secreta,Javier Sierra,Tapa blanda,9788401335907
Nerve,Jeanne Ryan,Tapa blanda,9789877381856
De sangre y cenizas (De Sangre y cenizas 1),Jennifer L. Armentrout,Tapa blanda,9788417854317
Obsidian (Lux 1),Jennifer L. Armentrout,Tapa blanda,9788415577522
Un reino de carne y fuego (De Sangre y cenizas 2),Jennifer L. Armentrout,Tapa blanda,9786124858581
Una corona de huesos dorados (De sangre y cenizas 3),Jennifer L. Armentrout,Tapa blanda,9789567042845
Una sombra en las brasas (Flesh and fire 1),Jennifer L. Armentrout,Tapa blanda,9788417854515
Fallo técnico (Los Seems 1),Jhon Hulme y Michael Wexler,Tapa dura,9788466641012
Un segundo perdido (Los Seems 2),Jhon Hulme y Michael Wexler,Tapa dura,9788466641227
Árbol,Joaquín Araújo,Tapa dura,9788496974784
Spade & Aarcher,Joe Gores,Tapa dura,9788466642903
Una figura en las sombras (Lewis Barnavelt 2),John Bellairs,Tapa blanda,9788420433844
Yo antes de ti (Yo antes de ti 1),Jojo Moyes,Tapa blanda,9789563478068
El manuscrito de neopatria,Jordi Cantavella,Tapa dura,9788496929715
El Lugar Sin Limites,José Donoso,Tapa blanda,9789569583780
Al Otro Lado de La Niebla,Juan Luis Arsuaga,Tapa dura,9788496463165
Una magia impregnada de veneno (The book of tea 1),Judy I. Lin,Tapa blanda,9786070798351
Zanahorio ,Jules Renard,Tapa dura,9788412804614
Viaje al centro de la Tierra,Jules Verne,Tapa dura,9788467050660
La hermandad de la sábana santa,Julia Navarro,Tapa blanda,9788497935272
El cuarto jinete,Kate Thompson,Tapa dura,9788496791978
El libro de los hechizos (The physick book 1),Katherine Howe,Tapa blanda,9789504932307
Los pilares de la tierra (Kingsbride 1),Ken Follett,Tapa blanda,9788499086514
Un mundo sin fin (Kingsbride 2),Ken Follett,Tapa blanda,9788499893730
Una columna de fuego (Kingsbride 3),Ken Follett,Tapa dura,9788401018251
Corazón nerd,Kote Carvajal,Tapa blanda,9789569671074
El Colorista Nana,Kote Carvajal,Tapa blanda,9789569872013
La emperatriz de los etéreos,Laura Gallego García,Tapa dura,9788420472706
Anna Karenina,Leo Tolstoy,Tapa dura,9788415618881
Alicia a través del espejo,Lewis Carroll,Tapa dura,9788417430429
Alicia en el país de las maravillas,Lewis Carroll,Tapa dura,9788415618713
Sangre en el ojo,Lina Meruane,Tapa blanda,9789568228392
El cráneo de Akenatón,Lluís Racionero,Tapa dura,9788466641166
Mujercitas,Louisa May Alcott,Tapa dura,9788417430542
Mujercitas,Louisa May Alcott,Tapa blanda,
El caso del terrateniente D. Lucas Ruíz de De La Peña,Luis Avinareta,Tapa blanda,9788417110871
Proyecto Lazaro,Luis Miguel Ariza,Tapa dura,9788401336393
Scarlett,Mabel Hervia,Tapa blanda,9789560804143
Milagros en Bicho Raro,Maggie Stiefvater,Tapa blanda,9789563633672
Valientemente,Maggie Stiefvater,Tapa blanda,9789564084596
Paraíso perverso,Mar Petryk,Tapa blanda,9789566402299
El cuento de la criada (Cuento de la criada 1),Margaret Atwood,Tapa dura,9789878000435
El Ruido De Las Flores,María De La O Guillén,Tapa blanda,9788493732745
Los escarabajos vuelan al atardecer,Maria Gripe,Tapa blanda,9788434811638
Cosas que me hubiese gustado saber antes de los 30,María José Castro,Tapa blanda,9789564084749
La guía para la vida de las amikas,María José Castro y Valeria Luna,Tapa blanda,9789563607635
Chilenas rebeldes,María José Cumplido,Tapa blanda,9789568474904
Nuestras sombras,María Teresa Budge,Tapa blanda,9789563163834
La profecía de Aztlán (Saga Hércules y Lincoln 4),Mario Escobar,Tapa blanda,9788498005158
Si Buda fuera taxista,Mario Luis Reyes Escudero,Tapa blanda,9788491113294
El Padrino,Mario Puzo,Tapa blanda,9788490707616
El Ultimo Don,Mario Puzo,Tapa blanda,9788440676009
Cinder (Crónicas lunares 1),Marissa Meyer,Tapa blanda,9789876129275
Cress (Crónicas lunares 3),Marissa Meyer,Tapa blanda,9789877470338
Fairest: La historia de Levana (Crónicas lunares 3.5),Marissa Meyer,Tapa blanda,9789877470932
Heartless,Marissa Meyer,Tapa blanda,9789877472547
Scarlet (Crónicas lunares 2),Marissa Meyer,Tapa blanda,9789876129909
Stars Above (Crónicas lunares 4.5),Marissa Meyer,Tapa blanda,9789877472387
Winter (Crónicas lunares 4),Marissa Meyer,Tapa blanda,9789877471915
Wires and Nerve (Volumen 2),Marissa Meyer,Tapa dura,9789877474053
Wires and Nerve (Volumen 1),Marissa Meyer,Tapa dura,9789877473124
"Dorado, violeta y verde menta (Deseos prohibidos 1)",Marta Santés,Tapa blanda,9788419131041
Frankenstein,Mary Wollstonecraft Shelley,Tapa blanda,9789563608168
Frankenstein,Mary Wollstonecraft Shelley,Tapa dura,9788415618799
Te deseo todo lo mejor,Mason Deaver,Tapa blanda,9786070767425
Dientes de Dragón,Michael Crichton,Tapa blanda,9789569646522
El Dique (Blackwater 2),Michael McDowell,Tapa blanda,9789878453521
La Riada (Blackwater 1),Michael McDowell,Tapa blanda,9789878453507
Los brujos del fin del mundo,Miguel Ferrada,Tapa blanda,9789566402251
Panchiko,Min Jin Lee,Tapa blanda,9788494716966
Seis Litros promedio,Mirella Granucci,Tapa blanda,9789561238169
La vida de los elfos,Muriel Barbery,Tapa blanda,9789507318627
Dos leones,Nagisa Furuya,Tapa blanda,9788413417042
El último graduado (The Scholomance 2),Naomi Novik,Tapa blanda,9786077483694
Los enclaves dorados (The Scholomance 3),Naomi Novik,Tapa blanda,9789566196341
Una Educación Mortal (The Scholomance 1),Naomi Novik,Tapa blanda,9789567042548
American Gods (American gods 1),Neil Gaiman,Tapa blanda,9788415729204
Los hijos de Anansi (American gods 2),Neil Gaiman,Tapa blanda,9788416859689
El caso Christie,Nina De Gramont,Tapa blanda,9789567042999
La Doctora Cole (Cole family trilogy 3),Noah Gordon,Tapa blanda,9788495501929
El fantasma de Canterville y otros cuentos,Oscar Wilde,Tapa dura,9788467050646
El retrato de Dorian Gray,Oscar Wilde,Tapa blanda,9788496975811
El Perfume,Patrick Süskind,Tapa blanda,9789562479301
Blade Runner: ¿Sueñan los androides con ovejas eléctricas?,Philip K. Dick,Tapa blanda,9788445000205
El hombre en el castillo,Philip K. Dick,Tapa blanda,9788445075616
Las culpas de Midas (Van In 2),Pieter Aspe,Tapa blanda,9788466645126
La diamantista de la emperatriz,Pilar de Arístegui,Tapa dura,9788466637671
Attachments,Rainbow Rowell,Tapa blanda,9789569583513
Fangirl,Rainbow Rowell,Tapa blanda,9789563478150
Fahrenheit 451,Ray Bradbury,Tapa blanda,9788445071168
Fahrenheit 451 (Novela gráfica),Ray Bradbury,Tapa dura,9788466346818
Ídolo en llamas,Rin Usami,Tapa blanda,9788412669725
El librero,Roald Dahl,Tapa dura,9788416440634
El Diablo En La Botella,Robert Louis Stevenson,Tapa blanda,9789876275880
El extraño caso de Dr. Jekyll y Mr. Hyde ,Robert Louis Stevenson,Tapa dura,9788417430467
Un verdadero Mago,Roberto Fuentes,Tapa blanda,9789566021728
Las naves de la locura (The Liveship Traders 2),Robin Hobb,Tapa blanda,9789506443542
Las naves del destino (The Liveship Traders 3),Robin Hobb,Tapa blanda,9786073135306
Las Naves De La Magia (The Liveship Traders 1),Robin Hobb,Tapa blanda,9789506443474
Barbarian Alien (Ice planet barbarians 2),Ruby Dixon,Tapa blanda,9789564084756
Ice Planet Barbarians (Ice planet barbarians 1),Ruby Dixon,Tapa blanda,9789564083520
El Libro De La Selva,Rudyard Kipling,Tapa dura,9789563163513
Ranma ½ (26),Rumiko Takahashi,Tapa blanda,9789871071029
Audición,Ryū Murakami,Tapa blanda,9789569673191
Old-Fashioned Cupcake with Capuccino,Sagan,Tapa blanda,9788411617253
Casa de cielo y aliento (Ciudad de Medialuna 2),Sarah J. Maas,Tapa blanda,9789877388787
Casa de flama y sombra (Ciudad de Medialuna 3),Sarah J. Maas,Tapa blanda,9786073841146
Casa de tierra y sangre (Ciudad de Medialuna 1),Sarah J. Maas,Tapa blanda,9789563842036
Una corte de alas y ruina (ACOTAR 3),Sarah J. Maas,Tapa blanda,9789584297983
Una corte de hielo y estrellas (ACOTAR 4),Sarah J. Maas,Tapa blanda,9789584297990
Una corte de llamas plateadas (ACOTAR 5),Sarah J. Maas,Tapa blanda,9789584297297
Una corte de niebla y furia (ACOTAR 2),Sarah J. Maas,Tapa blanda,9789584297976
Una corte de rosas y espinas (ACOTAR 1),Sarah J. Maas,Tapa blanda,9789584297969
La vidente de los reinos,Sasami Hanatsuki,Tapa blanda,9789568648466
Mas allá de la tormenta: una voz en el silencio,Sasami Hanatsuki,Tapa blanda,9789563688566
Misión en el planeta Yugot,Sasami Hanatsuki,Tapa blanda,9789563381054
Ocaso de un reino,Sasami Hanatsuki,Tapa blanda,9789568648268
La habitación prohibida (La Sociedad Juliette 2),Sasha Grey,Tapa blanda,9789562584821
La Sociedad Juliette (La Sociedad Juliette 1),Sasha Grey,Tapa blanda,9789502806792
El pacto de la rosa (The rose bargain 1),Sasha Peyton Smith,Tapa dura,9788410239289
Alchemised,SenLinYu,Tapa blanda,9780593972700
Octocéfalo,Sergio Alejandro Amira,Tapa blanda,9789562649841
El bosque de las cosas perdidas,Shea Ernshaw,Tapa blanda,9788492918867
"Samsara: Bienvenida, eternidad",Soledad Arriagada Espinoza,Tapa blanda,9789569184000
La revuelta,Sonia Montecino,Tapa blanda,9789563036794
El gato que amaba los libros (El gato que 1),Sōsuke Natsukawa,Tapa blanda,9788425359934
Muerte a la oscuridad (Black Bird Academy 1),Stella A. Tack,Tapa dura,9788410399013
Legendary (Caraval 2),Stephanie Garber,Tapa blanda,9789567042661
Caraval (Caraval 1),Stephanie Garber,Tapa blanda,9789567042654
Érase una vez un corazón roto (Once upon a broken heart 1),Stephanie Garber,Tapa blanda,9789567042715
Finale (Caraval 3),Stephanie Garber,Tapa blanda,9789567042678
Un regalo de mi gran amor,Stephanie Perkins,Tapa dura,9786073149679
Buick 8 Un Coche Perverso,Stephen King,Tapa blanda,9789875660175
Carrie,Stephen King,Tapa blanda,9789500731607
Carrie (50 Aniversario),Stephen King,Edición especial,9788401035777
La segunda vida de Bree Tanner (Crepúsculo 3.5),Stephenie Meyer,Tapa blanda,9788420406268
Midnight Sun (Crepúsculo 5),Stephenie Meyer,Tapa dura,9780316707046
Los hombres que no amaban a las mujeres (Millennium 1),Stieg Larsson,Tapa blanda,9788423349555
El año de las desapariciones (Ethical Vampire 2),Susan Hubbard,Tapa blanda,9788466641883
La sociedad de la sangre (Ethical Vampire 1),Susan Hubbard,Tapa blanda,9788466640671
Amanecer en la Cosecha,Suzanne Collins,Tapa blanda,9789566146414
Balada de pájaros cantores y serpientes,Suzanne Collins,Tapa blanda,9788427220287
En llamas (Los juegos del hambre 2),Suzanne Collins,Tapa blanda,9789878120218
Los Juegos Del Hambre (Los juegos del hambre 1),Suzanne Collins,Tapa blanda,9789876091657
Sinsajo (Los juegos del hambre 3),Suzanne Collins,Tapa blanda,9789878120225
Heartsong. La canción del corazón (Green creek 3),T.J. Klune,Tapa blanda,9789877477009
La canción de los hermanos (Green Creek 4),T.J. Klune,Tapa blanda,9789877478136
La canción del cuervo (Green Creek 2),T.J. Klune,Tapa blanda,9789877476606
La canción del lobo (Green Creek 1),T.J. Klune,Tapa blanda,9789877475173
Atmosphere: Una historia de amor,Taylor Jenkins Reid,Tapa blanda,9789566402145
Los siete maridos de Evelyn Hugo,Taylor Jenkins Reid,Tapa dura,9788419030733
Todos quieren a Daisy Jones,Taylor Jenkins Reid,Tapa blanda,9788417552879
La herida de la esfinge (capriccio romántico),Terenci Moix,Tapa dura,8423916928
Las nueve vidas de Jeremy,Thierry Cohen,Tapa dura,9788466639859
La Muerte en Venecia,Thomas Mann,Tapa blanda,9789561315433
El laberinto de la rosa,Titania Hardie,Tapa blanda,9788483650462
Feather Girl: La chica que tenía pájaros en la cabeza,Tonya Hurley,Tapa blanda,9788420486376
Mil pasos al interior de la noche,Traci Chee,Tapa blanda,9788412669749
La vida invisible de Addie LaRue,V.E. Schwab,Tapa blanda,9789567042357
Concilio de sombras (Sombras de magia 2),V.E. Schwab,Tapa blanda,9789569963551
Conjuro de luz (Sombras de magia 3),V.E. Schwab,Tapa blanda,9789569963568
Una magia más oscura (Sombras de magia 1),V.E. Schwab,Tapa blanda,9789569963544
Una obsesión perversa (Villains 1),V.E. Schwab,Tapa blanda,9788492918188
Una venganza mortal (Villains 2),V.E. Schwab,Tapa blanda,9788492918676
El intruso: Los sueños de Lumière,Valentina Carvajal Leiva,Tapa blanda,9788417856069
El horror,Valeria Luna,Tapa blanda,9789564082295
Una canción salvaje (Monsters of Verity 1),Victoria Schwab,Tapa blanda,9788496886896
Un beso bajo la lluvia,Violeta Boyd,Tapa blanda,9788417589554
Una Habitación Propia,Virginia Woolf,Tapa dura,9789563606645
Tokyo Revengers (1),"Wakui, Ken; Ferreyra, Nathalia",Tapa blanda,9788419010230
El Rey leon,Walt Disney Company,Tapa blanda,9788440650405
Cuentos de los hermanos Grimm,Wilhelm Grimm y Jacob Grimm,Tapa dura,9788418008184
Rebasados = Overshoot,William R. Catton Jr.,Tapa blanda,9786074002966
Hamlet,William Shakespeare,Tapa dura,9789563161281
Hambre,Xelsoi,Tapa blanda,9789566240075
La Pequeña Trapecista. Una batalla contra el cáncer infantil,Ximena Abogabir Scott,Tapa blanda,9789563040340
Balada del terror,Yael Medini,Tapa blanda,9789879333297
Paradise Kiss,"Yazawa, Ai",Tapa blanda,9789871071883
Paradise Kiss,"Yazawa, Ai",Tapa blanda,9789871071784
Paradise Kiss,"Yazawa, Ai",Tapa blanda,9789871071524
Esclavas sexuales. La esclavaitud sexual durante el imperio japones,Yoshimi Yoshiaki,Tapa blanda,9788466643535