Título,Autor(a),ISBN,Género,Estado
"¿Qué tal, hijos de la Pachamama? Un viaje al Chile misterioso",Claudio Retamales Pereira,9789566432098,Non-Fiction,Read
El rey (El príncipe cautivo #3),C. S. Pacat,9789566402015,Fantasy,Read
Todas las criaturas oscuras (Todas las criaturas oscuras #1),Paula Gallego,9788419252449,Fantasy,Read
Siembra Negra,Jesús Diamantino,9789566402527,Horror,Read
Tu nombre a medianoche,Paula Gallego,9791387595319,Historical,Read
El guerrero (El príncipe cautivo #2),C. S. Pacat,9789566196938,Fantasy,Read
Vuela lejos,Kristin Hannah,9788491297062,Contemporary,Read
La Vida con Perros 03,Yuka Katano,9788410388819,Literary,Read
La Vida con Perros 02,Yuka Katano,9788410350755,Literary,Read
La Vida con Perros 01,Yuka Katano,9788417292409,Literary,Read
El esclavo (El príncipe cautivo #1),C. S. Pacat,9789566196921,Fantasy,Read
La rebelión de la mariposa,Miriam Mosquera,9788410239548,Dystopian,Read
Lucy Inmortal,Kiersten White,9788410085480,Fantasy,Read
El amor a las puertas del Infierno,Jaysea Lynn,9788410085824,Fantasy,Read
El bosque de corazones,M. A. Kuzniar,9788410239678,Fantasy,Read
La leyenda de la serpiente blanca,Sher Lee,9788410239524,Fantasy,Read
Silvercloak (Silvercloak Saga #1),Laura Steven,9788410085732,Fantasy,Read
A siete años de ti,Ashley Poston,9788410391154,Romance,Read
"Orgullo, prejuicio y veneno (Colección Cozy Mistery #36)",Elizabeth Peters,9788410206694,Mystery Thriller & Crime,Read
Invocación (The Summoner's Circle #1),S.T. Gibson,9789689700500,Fantasy,Read
Alchemised,SenLin Yu,9789566393412,Fantasy,Read
Rojo y Oro (Nueva edición limitada con cantos tintados),Iria G. Parente Selene M. Pascual,9788427251663,Fantasy,Read
Un mar de secretos enterrados,Adrienne Young,9788410085619,Mystery Thriller & Crime,Read
Hechizos para olvidar,Adrienne Young,9788419030153,Fantasy,Read
Los Cuatro,Ellie Keel,9788410085176,Mystery Thriller & Crime,Read
Home Far Away,Teki Yatsuda,9788419195104,Romance,Read
Eterna (El universo elemental #2),Gonzalo Fabres,9789564064062,SciFi,Read
Una magia impregnada de veneno (The Book of Tea #1),Judy I. Lin,9789566145486,Fantasy,Read
Los días en los que más te quise,Amy Neff,9788492919727,Literary,Read
Borroso Primer Amor #1,Wataru Hinekure,9786076366066,Romance,Read
El puente de las almas (Cassidy Blake #3),Victoria Schwab,9788417854133,Fantasy,Read
Deja de decir mentiras,Philippe Besson,9786078998357,Literary,Read
Los últimos días de Clayton and Co (Edición Limitada),Francisca Solar,9791387595227,Historical,Read
Tras tres soles,Irene Morales,9788424672881,Fantasy,Read
Historias chilenas paranormales,César Parra,9789566289432,Mystery Thriller & Crime,Read
Los túneles de huesos (Cassidy Blake #2),Victoria Schwab,9788492918720,Fantasy,Read
Eterna (El universo elemental #1),Gonzalo Fabres,9789564063577,SciFi,Read
La ciudad de los fantasmas (Cassidy Blake #1),Victoria Schwab,9788492918249,Fantasy,Read
El Pacto de la Rosa (The Rose Bargain #1),Sasha Peyton Smith,9788410239289,Fantasy,Read
Placeres Violentos (Secret Shanghai #1),Chloe Gong,9788412365573,Fantasy,Read
El beso final,Alicia Jasinska,9789564088167,Fantasy,Read
Estrella y Espía,Marie Lu,9789566196600,Fantasy,Read
El imperio del caos (Time Keeper #2),Iria G. Parente Selene M. Pascual,9789566146421,Fantasy,Read
Aurora’s  Burning(The Aurora Cycle #2),Amie Kaufman,9788419030818,SciFi,Read
El arte de ahorgarse (A Study in Drowning #1),Ava Reid,9786289591965,Fantasy,Read
El último juramento (The Last Binding #1),Freya Marske,9789877479010,Fantasy,Read
Aurora’s  Rising (The Aurora Cycle #1),Amie Kaufman,9788419030702,SciFi,Read
"Tu sangre, mis huesos",Kelly Andrew,9788410085398,Fantasy,Read
Cuando Reescribamos la Historia,Belén Martínez,9788410239098,Fantasy,Read
Electra,Jennifer Saint,9788416517763,Fantasy,Read
Las Puertas Invisibles,Alice Hoffman,9788419030948,Fantasy,Read
El martillo de Thor (Magnus Chase #2),Rick Riordan,9788490434628,Fantasy,Read
Psique y Eros,Luna Mcnamara,9788419030450,Fantasy,Read
Volverás a Alaska (Bolsillo),Kristin Hannah,9788466350198,Historical,Read
Entes de huesos,Emily Lloyd-Jones,9788419252838,Fantasy,Read
Laurel de oro #1,Saraly Gute,9789566273103,Romance,Read
Circe (Booket),Madeline Miller,9788413621524,Fantasy,Read
La maldición de June Farrow,Adrienne Young,9788410085336,Fantasy,Read
La Espada Del Tiempo (Magnus Chase #1),Rick Riordan,9788490434819,Fantasy,Read
El heredero oscuro (Dark Rise #2),C. S. Pacat,9788419030825,Fantasy,Read
Foxglove (Belladonna #2),Adalyn Grace,9788419030610,Fantasy,Read
Jardín de Invierno,Kristin Hannah,9788466350181,Historical,Read
Atmosphere,Taylor Jenkins Reid,9789566402145,Romance,Read
Que entierren nuestros huesos a medianoche,Victoria Schwab,9789566402152,Fantasy,Read
Fuego Celeste (Saga Trono de luz y oscuridad #1),Alice Wolf,9789564063782,Fantasy,Read
La canción de Aquiles (Booket),Madeline Miller,9788411485166,Fantasy,Read
Belladonna (Belladonna #1),Adalyn Grace,9788419030207,Fantasy,Read
Autoboyography,Christina Lauren,9788419873187,Romance,Read
Percy Jackson y la Diosa de Tres Cabezas (Percy Jackson and the Olympians: The Senior Year Adventures #2),Rick Riordan,9786287744059,Fantasy,Read
Dear Gene #2,Kaya Azuma,9788412774856,Romance,Read
Blue Moment,Michi Ichiho,9791387506308,Romance,Read
Given #1,Natsuki Kizu,9788417820268,Romance,Read
Rumores en la mansión Merrick,Catalina Pérez Escobar,9789564064482,Romance,Read
El rey oscuro (Dark Rise #1),C. S. Pacat,9789567042906,Fantasy,Read
Mi querido Henry (Un retelling de Dr. Jekill y Mr. Hyde),Kalynn Bayron,9788419130310,Literary,Read
La tetera,Celeste Barbé,9789566183723,Fantasy,Read
107 cartas en Auschwitz,Gerd Hecht,9789566133346,Historical,Read
Una llama en las cenizas (Una llama en las cenizas #1),Sabaa Tahir,9788419030443,Fantasy,Read
Percy Jackson y el cáliz de los dioses (Percy Jackson and the Olympians: The Senior Year Adventures #1),Rick Riordan,9788419275455,Fantasy,Read
Las tres despedidas de Georg Kahn,Bruno Puelles,9788419252166,Fantasy,Read
Más allá de las páginas (Más allá de las páginas #1),Sofía Armijo,9789564065106,Fantasy,Read
Alfa (Alfa #2),Emina Himesama,9789566398134,SciFi,Read
Los secretos del Hotel Jardín de Odette,Bruno Puelles,9786316599421,Fantasy,Read
La maldición de la sangre,M. L. Wang,9788410085275,Fantasy,Read
Flores (Larga vida al rey #2),Irene Morales,9788419030795,Fantasy,Read
La profecía del rayo y las estrellas,Rick Riordan,9789566184560,Fantasy,Read
Villanos. Fuego y destino,Serena Valentino,9786287722095,Fantasy,Read
Una promesa de cien años (Reedición),María Ignacia Urzúa Reyes,9789566402077,Fantasy,Read
Sangre (Larga vida al rey #1),Irene Morales,9788419030306,Fantasy,Read
El Atlas de los Seis (Seis de Atlas #1),Olivie Blake,9789567042807,Fantasy,Read
Martina Ackels y el Cetro de Orselok,Fabián Rivas,9789566402046,Fantasy,Read
En la Posada de Sofía,Cristina Molina,9789566183587,Fantasy,Read
El club de las pintoras,Alyson Richman,9789564086392,Historical,Read
Cartas desde el desierto,Manu Carbajo,9788419252630,Dystopian,Read
La ciudad de los mil ojos,Bruno Puelles,9788417854850,Fantasy,Read
Timmy en apuros,Holly Webb,9788418139277,Literary,Read
Después del océano,Belén Martínez,9788417854881,Fantasy,Read
La torre de Nerón (Las pruebas de Apolo #5),Rick Riordan,9788418038938,Fantasy,Read
Hijos Dorados,Patricia Ibárcena,9788410085282,Mystery Thriller & Crime,Read
El último Van Gogh,Alyson Richman,9789564085197,Historical,Read
Un corazón roto y un prometido,Estefany Cisternas B.,9789566183990,Romance,Read
Cuando Haru estuvo aquí,Dustin Thao,9788419939531,Romance,Read
El Reloj de Eones,Benjamín Navarro,9789566386025,Fantasy,Read
La tumba del tirano (Las pruebas de Apolo #4),Rick Riordan,9788418038525,Fantasy,Read
Acid Rain (Acid Rain #1),Yaritza Aguilera,9789566273042,Romance,Read
El rey de la máscara oscura (El rey de la máscara oscura),Javiera Valenzuela,9789566145370,Fantasy,Read
Lo frágil y lo eterno,Bruno Puelles,9788419030979,Fantasy,Read
Perrunos y gatunos,Enzo Roubaud Rojas,9789566355229,Non-Fiction,Read
El laberinto en llamas (Las pruebas de Apolo #3),Rick Riordan,9788490439494,Fantasy,Read
Las recolectoras de hilos,Alyson Richman,9789564084251,Historical,Read
Los señores de la muerte,Olivie Blake,9788419030757,Fantasy,Read
La Profecía Oscura (Las pruebas de Apolo #2),Rick Riordan,9788490438374,Fantasy,Read
Hooky (Hooky #3),Míriam Bonastre Tur,9788427052086,Fantasy,Read
Hana (Hana #1),Koniicha,9789566273066,SciFi,Read
Tweeling 2,Emina Himesama,9789566034575,Romance,Read
Alfa (Alfa #1),Emina Himesama,9789566185680,SciFi,Read
El secreto de su mente,Marie Benedict,9789564083933,Historical,Read
Las horas de terciopelo,Alyson Richman,9789563606799,Historical,Read
El oráculo oculto (Las pruebas de Apolo #1),Rick Riordan,9788490437346,Fantasy,Read
Contigo en el éter,Olivie Blake,9788419030245,Literary,Read
Una sonata de verano,Belén Martínez,9788419252692,Fantasy,Read
Las manos cálidas de los fantasmas,Katherine Arden,9788410085008,Fantasy,Read
Heartless,Marissa Meyer,9789877472547,Fantasy,Read
El invitado de honor,Evelyn Aravena Ahumada,9789566228271,Mystery Thriller & Crime,Read
La Sangre Del Olimpo (Los héroes del Olimpo #5),Rick Riordan,9788490431276,Fantasy,Read
Los Años Dorados (La mansión de los chocolates #2),Maria Nikolai,9788418184123,Historical,Read
El valle de los lobos (Crónicas de la torre #1) Reedición,Laura Gallego,9788419099891,Fantasy,Read
Dos chicos besándose,David Levithan,9786313001804,Romance,Read
El Buzón de las Impuras,Francisca Solar,9789566196778,Historical,Read
Robot salvaje,Peter Brown,9789566232704,Dystopian,Read
Sangre de dioses,Belén Martínez,9788419252456,Fantasy,Read
La casa de Hades (Los héroes del Olimpo #4),Rick Riordan,9788490430910,Fantasy,Read
La Mansión de los Chocolates (La mansión de los chocolates #1),Maria Nikolai,9788418185243,Historical,Read
La Marca de Atenea (Los héroes del Olimpo #3),Rick Riordan,9788490430101,Fantasy,Read
Bluebells,Francisca Solar,9789564082691,Historical,Read
El extranjero,Albert Camus,9789566038276,Contemporary,Read
La habitación de Giovanni,James Baldwin,9789569043826,Contemporary,Read
Placeres mortales,Belén Martínez,9789566196730,Fantasy,Read
In Memoriam,Alice Winn,9788492919468,Historical,Read
El hijo de Neptuno (Los héroes del Olimpo #2),Rick Riordan,9789585828384,Fantasy,Read
Envuelto en tu noche,Mori Moyori,9788419610423,Romance,Read
Jaulas de seda (Marabilia #4),Iria G. Parente Selene M. Pascual,9788416858699,Fantasy,Read
La flor que parecía bailar,Saki Tsukahara,9788418776809,Romance,Read
El chico y el perro,Seishu Hase,9786073835718,Contemporary,Read
La casa en el mar más azul,T. J. Klune,9789566145165,Fantasy,Read
Asesinato entre libros (Colección Cozy Mistery #2),Kate Carlisle,9788418933622,Mystery Thriller & Crime,Read
El alma del brujo (El vals de la bruja #2),Belén Martínez,9788417854522,Fantasy,Read
Enebro & espina,Ava Reid,9786287632011,Fantasy,Read
La luz de la esperanza,Alan Hlad,9788467065633,Historical,Read
Joy #2,Etsuko,9786289535648,Romance,Read
Bajo la puerta de los susurros,T. J. Klune,9786287575127,Fantasy,Read
Lo que nos queda de mundo,Erik J. Brown,9788419275325,Dystopian,Read
Aquella vez en Berlín,María José Moreno,9788417451813,Historical,Read
Historias que dejan huellas - Quédense en la trinchera y luego corran,John Boyne,9789871997206,Historical,Read
El eco del destino (Time Keeper #1),Iria G. Parente Selene M. Pascual,9789566146315,Fantasy,Read
Liberación,Imogen Kealey,9789563607284,Historical,Read
Nunca me abandones,Kazuo Ishiguro,9788433970794,Dystopian,Read
La traidora,V.S. Alexander,9789563609561,Historical,Read
El pacifista,John Boyne,9788498385168,Historical,Read
Espíritus del Inframundo #3,Hiromu Arakawa,9788467960587,Fantasy,Read
Espíritus del Inframundo #2,Hiromu Arakawa,9788467960570,Fantasy,Read
Espíritus del Inframundo #1,Hiromu Arakawa,9788467960563,Fantasy,Read
La Segunda Guerra Mundial (II),Sir Winston Churchill,9788497342124,Non-Fiction,Read
La casa alemana,Annette Hess,9788408206767,Historical,Read
La coleccionista,Marie Benedict,9789564082127,Historical,Read
Lecciones de Química,Bonnie Garmus,9789566075349,Contemporary,Read
Qualia bajo la nieve,Kanna Kii,9788416960774,Romance,Read
Dear Gene #1,Kaya Azuma,9782382760000,Romance,Read
La única mujer,Marie Benedict,9789563605983,Historical,Read
Rivales Divinos (Letters of Enchantment #1),Rebecca Ross,9786289591804,Fantasy,Read
El Club de Lectura del Refugio Antiaéreo,Annie Lyons,9789564084534,Historical,Read
Trenza del mar Esmeralda,Brandon Sanderson,9788418037818,Fantasy,Read
El príncipe de los caballos,Stacy Gregg,9788418279096,Historical,Read
Chicas de nieve y cristal,Melissa Bashardoust,9789877474145,Fantasy,Read
Heartstopper 5,Alice Oseman,9786313001002,Romance,Read
Rumspringa,Kaya Azuma,9788412115178,Romance,Read
Dominación,C. J. Sansom,9788498729993,Historical,Read
El manual del adulto funcional,María José Castro,9789564080710,Non-Fiction,Read
La niña polaca,Mónica Rojas,9789562586535,Historical,Read
La loba y el leñador,Ava Reid,9786287565333,Fantasy,Read
La Traición de Camelot,Kiersten White,9788417854423,Fantasy,Read
La ciudad al atardecer. El país de los cerezos,Fumiyo Kouno,9788483572399,Historical,Read
Los nombres prestados,Verónica Sukaczer,9789871997220,Historical,Read
Restart After Come Back Home,Cocomi,9788418788185,Romance,Read
Restart After Growing Hungry,Cocomi,9788418788949,Romance,Read
"¡No te rindas, Nakamura!",Syundei,9788418222160,Romance,Read
La cinta roja,Lucy Adlington,9789563608045,Historical,Read
La hija de la diosa de la luna,Sue Lynn Tan,9788416517862,Fantasy,Read
Los Doce Dias de Dash & Lily,Rachel Cohn,9788417854041,Romance,Read
Héroes de la aviación Que Cambiaron el Mundo,Jade Sarson,9789463593786,Non-Fiction,Read
Ve y pon un Centinela,Harper Lee,9788491390572,Historical,Read
Tweeling #1,Emina Himesama,9789566034445,Romance,Read
Has llamado a Sam,Dustin Thao,9788418539862,Romance,Read
La Escuela de las Novias Nazis,Aimie K. Runyan,9789564083759,Historical,Read
Relatos de Torrealta,Danitza Eterovic,9798842797271,Fantasy,Read
La temporada de las apariciones,VV. AA,9788416517923,Mystery Thriller & Crime,Read
Los Fantasmas Favoritos de Roald Dahl,Roald Dahl,9788419654212,Literary,Read
Matar a un ruiseñor,Harper Lee,9788417216948,Historical,Read
Imperio,Iria G. Parente Selene M. Pascual,9788419621009,Dystopian,Read
Buenos presagios,Neil Gailman,9789569957017,Fantasy,Read
La Guerra de los Mundos,Wells H.G,9789563164411,Literary,Read
Luisa 1912,Daniela Viviani,9789566165569,Historical,Read
Los secretos de la biblioteca de la Quinta Avenida,Fiona Davis,9789569973420,Historical,Read
Ríos de Londres,Ben Aaronovitch,9788416224463,Fantasy,Read
La Guerra de la Pólvora (Temerario #3),Naomi Novik,9789566196198,Fantasy,Read
Heroes de los Inventos Que Cambiaron el Mundo,Pete Katz,9789463593755,Non-Fiction,Read
La modista de paris,Georgia Kaufmann,9788416517848,Historical,Read
La pequeña librería de los corazones solitarios,Annie Darling,9788416622931,Romance,Read
El Vals de la Bruja (El vals de la bruja #1),Belén Martínez,9788417854287,Fantasy,Read
Cuando Hitler robó el conejo rosa,Judith Kerr,9789504643746,Historical,Read
Los enclaves dorados,Naomi Novik,9789566196341,Fantasy,Read
La Joven del Pelo Rojo,Buzzy Jackson,9789566190189,Historical,Read
El gato que amaba los libros,Sosuke Natsukawa,9789585127579,Fantasy,Read
La Batalla de las Ardenas,Wayne Vansant,9788491641728,Non-Fiction,Read
Normandía: Una Historia Gráfica del Día-D,Wayne Vansant,9788490608531,Non-Fiction,Read
El Bombardeo de la Alemania Nazi (Historia Gráfica),Wayne Vansant,9788491641742,Non-Fiction,Read
El Barón Rojo (Historia Gráfica),Wayne Vansant,9788491641384,Non-Fiction,Read
Héroes de la Ciencia que Cambiaron el Mundo,Dave Shephard,9789463593847,Non-Fiction,Read
El chico de las estrellas (Edición Ilustrada),Chris Pueyo,9788408260172,Romance,Read
Héroes del espacio,Vince Sohn,9789463593816,Non-Fiction,Read
Por qué nos encantan los gatos,Mónica Marelli,9789566017042,Non-Fiction,Read
El último graduado,Naomi Novik,9789567042746,Fantasy,Read
Invisible,Eloy Moreno,9788416588435,Contemporary,Read
Una educación mortal,Naomi Novik,9789567042548,Fantasy,Read
Cumbres borrascosas,Emily Brontë,9788415618898,Literary,Read
Hierba,Keum Suk Gendry-Kim,9788418052071,Historical,Read
La espera,Keum Suk Gendry-Kim,9788418897771,Historical,Read
Joy #1,Etsuko,9786289529258,Romance,Read
El adversario,Emmanuel Carrère,9788433977151,Mystery Thriller & Crime,Read
El ciclo del eterno emperador,Laura Gallego,9788418594991,Fantasy,Read
Las batallas silenciadas,Nieves Muñoz,9788435047241,Historical,Read
La muerte de las cuatro reinas,Astrid Scholte,9788417361785,Fantasy,Read
Los testamentos,Margaret Atwood,9788498389494,Dystopian,Read
Loveless,Alice Oseman,9789877477993,Contemporary,Read
El mayor Pettigrew se enamora,Helen Simonson,9788498383812,Romance,Read
Cómo conocí a mi marido,Ryosuke Nanasaki,9788419290298,Romance,Read
Hooky (Hooky #2),Míriam Bonastre Tur,9788427051065,Fantasy,Read
Brothersong (Green Creek #4),T. J. Klune,9789877478136,Fantasy,Read
El jardín secreto,Frances Hodgson Burnett,9789566180036,Literary,Read
El cuento de la criada,Margaret Atwood,9788498388015,Dystopian,Read
El Regreso de Carrie Soto,Taylor Jenkins Reid,9789566196020,Contemporary,Read
La chica del abrigo azul,Monica Hesse,9786073151245,Historical,Read
Suite Francesa (Novela Gráfica),Irène Némirovsky,9788416131150,Historical,Read
El Trono de jade (Temerario #2),Naomi Novik,9789566196013,Fantasy,Read
Voces de Chernóbil,Svetlana Alexiévich,9789569545191,Non-Fiction,Read
Éramos el enemigo ,George Takei,9788413416007,Historical,Read
Un chico y su perro en el fin del mundo,C.A. Fletcher,9788445008317,Dystopian,Read
Ladrones de libertad (Marabilia #3),Iria G. Parente Selene M. Pascual,9788416858125,Fantasy,Read
Pétalos de Papel,Iria G. Parente Selene M. Pascual,9788427227200,Fantasy,Read
Títeres de magia (Marabilia #2),Iria G. Parente Selene M. Pascual,9788494527739,Fantasy,Read
Los Amantes de Praga,Alyson Richman,9786070740145,Historical,Read
La Canción de Las Hermanas,Rebecca Ross,9788417854164,Fantasy,Read
La misión de Rox (Guardianes de la Ciudadela 3),Laura Gallego,9788417460655,Fantasy,Read
Los dos Amores de mi Vida,Taylor Jenkins Reid,9789567042944,Contemporary,Read
El Secreto de Xein (Guardianes de la Ciudadela 2),Laura Gallego,9788419169785,Fantasy,Read
Mujeres Que Nacieron Diferentes,Anna Riera,9788415256755,Non-Fiction,Read
La niña que miraba los trenes partir,Ruperto Long,9789974748484,Historical,Read
El bestiario de Axlin (Guardianes de la Ciudadela #1),Laura Gallego,9789585407428,Fantasy,Read
All Night Long,Muno,9788418788086,"Contemporary, Romance",Read
Mitos De La Segunda Guerra Mundial #2,Jean Lopez,9789500209571,Non-Fiction,Read
La Luz Que No Puedes Ver,Anthony Doerr,9788466333849,Historical,Read
Los Siete Maridos de Evelyn Hugo,Taylor Jenkins Reid,9789567042517,Contemporary,Read
Dime quién soy,Julia Navarro,9788466353946,Historical,Read
El oso y el ruiseñor,Katherine Arden,9788417834173,Fantasy,Read
Historia en Segundos,Sandra Lawrence,9789463594257,Non-Fiction,Read
Sueños de piedra,Iria G. Parente Selene M. Pascual,9788494335471,Fantasy,Read
El Orgullo del Dragón (El dragón y el unicornio #1),Iria G. Parente Selene M. Pascual,9788416858866,Fantasy,Read
El Dragón de Su Majestad (Temerario #1),Naomi Novik,9789566196006,Fantasy,Read
Anne sin filtros,Iria G. Parente Selene M. Pascual,9789878120096,Contemporary,Read
Los por qué de la historia 3,Stephane Bern,9789500299824,Non-Fiction,Read
Sabemos cómo vamos a morir,Paco Ignacio Taibo II,9789564080116,Non-Fiction,Read
Los por qué de la historia 2,Stephane Bern,9789500298872,Non-Fiction,Read
¿Quién traicionó a Ana Frank?: La investigación que revela el secreto jamás contado,Rosemary Sullivan,9788491396215,Non-Fiction,Read
Tiempo de resurgir (La mansión #3),Anne Jacobs,9788401024832,Historical,Read
El Cuaderno de Desafios de Dash & Lily,Rachel Cohn,9788492918928,Romance,Read
Los niños de Willesden Lane,Mona Golabek,9788418027048,Historical,Read
Sherlock Holmes Tomo iii. Obra Completa,Arthur Conan Doyle,9788497944410,Literary,Read
Perdida,Gillian Flynn,9789877251883,Mystery Thriller & Crime,Read
Viajeros Intrepidos,Montse Ganges,9788483432495,Non-Fiction,Read
Una promesa de cien años,María Ignacia Urzúa Reyes,9789564061207,Fantasy,Read
Marte: La Próxima Frontera,José Maza,9789566165262,Non-Fiction,Read
Criminales nazis del exterminio,Ernesto Frers,9788499173122,Non-Fiction,Read
Fugas y Evasiones de La Segunda Guerra Mundial,Pedro Pablo G. May,9788499173849,Non-Fiction,Read
Ladrona de Libros,Markus Zusak,9588820421,Historical,Read
El pecador de Oxford,Mar Petryk,9789564082028,Mystery Thriller & Crime,Read
La Segunda Guerra Mundial (I),Sir Winston Churchill,9788497340250,Non-Fiction,Read
Invierno en tiempo de guerra,Jan Terlouw,9788417222093,Historical,Read
Sin novedad en el frente,Erich Maria Remarque,9788435018357,Historical,Read
El hombre de tiza,C.J. Tudor,9788466350471,Mystery Thriller & Crime,Read
Antología de cuentos cortos,VV. AA,9788418008078,Literary,Read
Historias Chilenas de Fantasmas,César Parra,9789566063612,Fantasy,Read
La historia secreta del Día D: La verdad sobre los superespías que engañaron a Hitler,Ben Macintyre,9789879317440,Non-Fiction,Read
La Casa del Propósito Especial,John Boyne,9788498383003,Historical,Read
Quédense en la trinchera y luego corran,John Boyne,9789569476006,Historical,Read
El niño con el pijama de rayas,John Boyne,9789878000381,Historical,Read
La Lección De August,R. J. Palacio,9781949061871,Contemporary,Read
Hubo una vez una guerra (bolsillo),John Steinbeck,9788435018746,Non-Fiction,Read
Ariadna,Jennifer Saint,9789567042623,Fantasy,Read
Tiempos de tormenta (La mansión #2),Anne Jacobs,9788401024269,Historical,Read
La sociedad literaria y del pastel de piel de patata Guernsey,Mary Ann Shaffer,9788498388770,Historical,Read
Blanco Como La Nieve,Salla Simukka,9788494185717,Mystery Thriller & Crime,Read
Me llamo Lumikki 3. Negro como el ébano,Salla Simukka,9788494185731,Mystery Thriller & Crime,Read
Oliver y Max,Ángela Armero Biadiu,9788415594246,Historical,Read
Heidi,Johanna Spyri,9788417430108,Literary,Read
El Perro de Los Baskerville,Arthur Conan Doyle,9788415618775,Literary,Read
Nick y Charlie,Alice Oseman,9789877478242,Romance,Read
El hombre en el castillo (Edición mexicana),Philip K. Dick,9786070772825,Dystopian,Read
Los misterios del Imperio Nazi: Historias sorprendentes del Tercer Reich desde su auge hasta su caída,Marius Lambert,9788499173962,Non-Fiction,Read
Alicia,Lewis Carrol,9788418008177,Literary,Read
Algunas Heridas Nunca Se Curan,Nele Neuhaus,9788415893370,Mystery Thriller & Crime,Read
Blancanieves debe morir,Nele Neuhaus,9786077351009,Mystery Thriller & Crime,Read
Lucharon En Batallas Decisivas,Pedro Pablo Garc May,9788499173306,Non-Fiction,Read
Un Dueto Oscuro,Victoria Schwab,9788496886964,Fantasy,Read
Rojo Como La Sangre,Salla Simukka,9788494080197,Mystery Thriller & Crime,Read
Dunkerque,Joshua Levine,9788491391739,Non-Fiction,Read
La guerra no tiene rostro de mujer,Svetlana Alexiévich,9789569545207,Non-Fiction,Read
El misterio de las cuatro cartas,Sophie Hannah,9788467055740,Mystery Thriller & Crime,Read
Si No Despierto,Lauren Oliver,9788413141060,Romance,Read
El Engaño de la Princesa,Kiersten White,9788492918881,Fantasy,Read
Animales Fantásticos Y Dónde Encontrarlos / Fantastic Beasts & Where to Find Them,J.K Rowling,9788498387940,Fantasy,Read
Los Cuentos de Beedle el Bardo / the Tales of Beedle the Bard,J.K Rowling,9788498387933,Fantasy,Read
"El libro del soldado de la Wehrmacht: La historia, armas y uniformes de los ejércitos de Hitler",Pablo Sagarra Renedo,9788490609460,Non-Fiction,Read
Submarinos,Manuel J. Prieto,9788499173771,Non-Fiction,Read
Operación Barbarroja,Christian Hartmann,9788491644118,Non-Fiction,Read
La Vida Invisible de Addie Larue,Victoria Schwab,9788416517374,Fantasy,Read
La Espía,Danielle Steel,9788401025518,Historical,Read
Hooky (Hooky #1),Míriam Bonastre Tur,9780358468301,Fantasy,Read
El baile de las luciérnagas,Kristin Hannah,9789569585791,Contemporary,Read
Bajo un cielo escarlata,Mark Sullivan,9788491292982,Historical,Read
Grandes Batallas: Conflictos decisivos que han conformado la historia,Christer Jorgensen,9781527000445,Non-Fiction,Read
Las grandes batallas de la Segunda Guerra Mundial,Chris Mann,9781527000452,Non-Fiction,Read
Mi Policia,Bethan Roberts,9789564080956,Historical,Read
La resistencia contra los nazis,Herve Barre,9788499173559,Non-Fiction,Read
Comandos y raids,Pere Romanillos,9788499173504,Non-Fiction,Read
Ases de la Luftwaffe en la Segunda Guerra Mundial,Philip Kaplan,9788491640899,Non-Fiction,Read
La guerra en el mar,José Luis Caballero,9788499174105,Non-Fiction,Read
El héroe perdido (Los héroes del Olimpo #1),Rick Riordan,9788490430569,Fantasy,Read
Una canción salvaje,Victoria Schwab,9788496886896,Fantasy,Read
Un cuento perfecto,Elísabet Benavent,9788491291923,Romance,Read
Tiempos gloriosos (La mansión #1),Anne Jacobs,9789506445331,Historical,Read
La Biblioteca de París,Janet Skeslien Charles,9788418107931,Historical,Read
Heartstopper 1,Alice Oseman,9788804723967,Romance,Read
El largo camino a casa,Alan Hlad,9789569973093,Historical,Read
El mago supremo,Charlie N. Holmberg,9788416224357,Fantasy,Read
El mago de cristal,Charlie N. Holmberg,9788417525880,Fantasy,Read
El mago de papel,Charlie N. Holmberg,9788416224272,Fantasy,Read
Antología de Relatos Románticos Tormentosos,VV. AA,9788418008030,Literary,Read
El Extraño Caso de Dr. Jekyll y Mr. Hyde,Robert L. Stevenson,9789566180067,Literary,Read
Hetalia Axis Power Volumen 2,Himaruya Hidekaz,9789874068125,Comedy,Read
Hetalia Axis Power Volumen 4,Himaruya Hidekaz,9789871485680,Comedy,Read
Hetalia Axis Power Volumen 1,Himaruya Hidekaz,9789871485550,Comedy,Read
Hetalia Axis Power Volumen 3,Himaruya Hidekaz,9780201379624,Comedy,Read
El último héroe del Olimpo (Percy Jackson y los dioses del Olimpo 5),Rick Riordan,9788498386301,Fantasy,Read
La batalla del laberinto (Percy Jackson y los dioses del Olimpo 4),Rick Riordan,9789878000329,Fantasy,Read
El Ruiseñor,Kristin Hannah,9786287513327,Fantasy,Read
La maldición del Titán (Percy Jackson y los dioses del Olimpo 3),Rick Riordan,9789878000312,Fantasy,Read
Antología de Relatos de Detectives,Charles Dickens,9788417430474,Literary,Read
El Fantasma de la Opera,Gaston Leroux,9788417430610,Literary,Read
Mar de los monstruos (Percy Jackson 2),Rick Riordan,9788498386271,Fantasy,Read
Los misterios de Charlotte Holmes,Brittany Cavallaro,9788417525248,Mystery Thriller & Crime,Read
Percy Jackson y el ladrón del rayo,Rick Riordan,9789585305922,Fantasy,Read
Sherlock Holmes. Obras Completas (1917-1927),Arthur Conan Doyle,9788497944427,Literary,Read
Emma,Jane Austen,9789875669956,Literary,Read
Heartstopper 4. Más que palabras,Alice Oseman,9788408245070,Romance,Read
Susurros subterráneos,Ben Aaronovitch,9788417525828,Fantasy,Read
En el bosque,Alyssa Wees,9789877477412,Fantasy,Read
Antología de Relatos Románticos,VV. AA,9788417430955,Literary,Read
Fairest,Marissa Meyer,9789877471250,SciFi,Read
El susurro de la marea,Sarah Tolcser,9789877475388,Fantasy,Read
La esposa del prisionero,Maggie Brookes,9786070775727,Historical,Read
Pájaro blanco,R. J. Palacio,9788417605162,Historical,Read
Link,Natsuki Kizu,9788418222566,Romance,Read
Heartstopper 3,Alice Oseman,9781444952773,Romance,Read
Heartstopper 2. Mi persona favorita,Alice Oseman,9788408233169,Romance,Read
Los Casos de Monsieur Dupin,Edgar Allan Poe,9788415215479,Literary,Read
Oliver Twist,Charles Dickens,9788491054535,Literary,Read
Ana de las tejas verdes (Ana de las tejas verdes #1),Lucy Montgomery,9788418395628,Literary,Read
La abadía de Northanger,Jane Austen,9788491053750,Literary,Read
Las Aventuras de Sherlock Holmes,Arthur Conan Doyle,9788415618829,Literary,Read
Cuentos Mágicos Irlandeses,Roberto Rosaspini Reynolds,9789507540875,Literary,Read
La Rebelion de la Reina,Rebecca Ross,9788496886995,Fantasy,Read
Estudio En Escarlata,Arthur Conan Doyle,9788415618874,Literary,Read
Hija de Las Tinieblas,Kiersten White,9789877472721,Historical,Read
La Cancion de la Corriente,Sarah Tolcser,9789877473940,Fantasy,Read
Conjuro de luz,Victoria Schwab,9788445006030,Fantasy,Read
Concilio de Sombras,Victoria Schwab,9789569963551,Fantasy,Read
Las Memorias de Sherlock Holmes,Arthur Conan Doyle,9788418008061,Mystery Thriller & Crime,Read
Una magia más oscura,Victoria Schwab,9788445006016,Fantasy,Read
Heartsong (Green Creek #3),T. J. Klune,9789877477009,Fantasy,Read
Ravensong (Green Creek #2),T. J. Klune,9789877476606,Fantasy,Read
Wolfsong (Green Creek #1),T. J. Klune,9786078614455,Fantasy,Read
A dos metros de ti,Rachael Lippincott,9788417605063,Romance,Read
Jane Eyre,Charlotte Brontë,9788494446818,Literary,Read
Todo este tiempo,Rachael Lippincott,9788417605810,Romance,Read
El Castillo en Las Nubes,Kerstin Gier,9788416712779,Mystery Thriller & Crime,Read
Un monstruo viene a verme,Patrick Ness,9789871997107,Fantasy,Read
Harry Potter y las Reliquias de la Muerte,J.K Rowling,9789878000169,Fantasy,Read
Harry Potter y el misterio del príncipe,J.K Rowling,9789878000152,Fantasy,Read
Harry Potter y la Orden del Fenix,J.K Rowling,9789878000145,Fantasy,Read
Harry Potter Y La Cámara Secreta,J.K Rowling,9789878000114,Fantasy,Read
Harry Potter y la piedra filosofal,J.K Rowling,9789878000107,Fantasy,Read
Harry Potter y el Prisionero de Azkaban,J.K Rowling,9789878000121,Fantasy,Read
La Resistencia de la Reina,Rebecca Ross,9788492918706,Fantasy,Read
Harry Potter y el Cáliz de Fuego,J.K Rowling,9789878000138,Fantasy,Read
Extraña Gracia,Tessa Gratton,9786078614721,Fantasy,Read
Inferno,Dan Brown,9788804665373,Mystery Thriller & Crime,Read
Origen,Dan Brown,9786070743672,Mystery Thriller & Crime,Read
Trono de Cristal,Sarah J. Maas,9786073143714,Fantasy,Read
Corona de Medianoche,Sarah J. Maas,9786073143691,Fantasy,Read
Carry On,Rainbow Rowell,9789877382983,Fantasy,Read
Despues de ti [yo Antes de ti 2],Jojo Moyes,9789877254105,Romance,Read
Origin,Jennifer L. Armentrout,9788416096640,Fantasy,Read
Opposition,Jennifer L. Armentrout,9788416256327,Fantasy,Read
Yo antes de ti / Me Before You,Jojo Moyes,9781941999875,Romance,Read
Firelight,Sophie Jordan,9789876123808,Fantasy,Read
Opal,Jennifer L. Armentrout,9788415880745,Fantasy,Read
Heima Es Hogar en Islandes,Laia Soler,9788416256426,Fantasy,Read
Onyx,Jennifer L. Armentrout,9788415750710,Fantasy,Read
El Hijo de la Perdicion,Wendy Alec,9788466644105,Fantasy,Read
Obsidian,Jennifer L. Armentrout,9788415750826,Fantasy,Read
Hechicero (Spellslinger #1),Sebastien de Castell,9788427213388,Fantasy,Not Read
La casa de las tortugas,Amanda Churchill,9788410479760,Historical,Not Read
Jóvenes e imprudentes,Rachel Hawkins,9791387595029,Mystery Thriller & Crime,Not Read
El juego del escape,Tamara Moss,9791387711740,Mystery Thriller & Crime,Not Read
La reina de espinas (The Rose Bargain #2),Sasha Peyton Smith,9789689758365,Fantasy,Not Read
Sinfonía del trono mortal (Mousai #3),E.J. Mellow,9788408318569,Fantasy,Not Read
En este reino soy inmortal (Maggie the Undying #1),Ilona Andrews,9791387711894,Fantasy,Not Read
De Sangre y Fuego (The Bound and the Broken #1),Ryan Cahill,9791387711818,Fantasy,Not Read
El caballero y la polilla (The Stonewater Kingdom #1),Rachel Gillig,9791387711566,Fantasy,Not Read
Un escenario para villanos,Shannon J. Spann,9791387711665,Fantasy,Not Read
Hechizos y abismos (The Hidden Society #2),Ella Archer,9788414064139,Fantasy,Not Read
La fuerza de pocos (La Jerarquía #2),James Islington,9788410163959,Fantasy,Not Read
El canto del pájaro cautivo,Brooke Fast,9791387711764,,Not Read
Las esposas de los Romanov,Clare Mchugh,9788410479753,Historical,Not Read
Mi hogar lleva tu nombre,Cecilia Agüero,9788410479869,Historical,Not Read
Hijas de Shandong,Eve J. Chung,9788410479555,Historical,Not Read
La librería de los viernes,Sawako Natori,9789566451044,Literary,Not Read
Un Fuego en los Huesos (Waxways #3),Scott Reintgen,9788410479654,Fantasy,Not Read
Un susurro tras la pared  (Waxways #2),Scott Reintgen,9788410479821,Fantasy,Not Read
La colección de historias perdidas de Emily Wilde (Emily Wilde Enciclopedia de Hadas #3),Heather Fawcett,9788410085725,Fantasy,Not Read
Los Wycherley (The Wycherleys #1),Annaliese Avery,9791399022117,Fantasy,Not Read
El cielo ilimitado,Fonda Lee,9791387711511,Fantasy,Not Read
Orillas infinitas (Drowned Gods #3),Pascale Lacelle,9788410163935,Fantasy,Not Read
La Caída (Above the Black #3),Marc J. Gregson,9788410163195,SciFi,Not Read
Reino de ladrones (Edición Especial Limitada),Leigh Bardugo,9791387711986,Fantasy,Not Read
Seis de cuervos (Edición Especial Limitada),Leigh Bardugo,9791387711979,Fantasy,Not Read
La dama de las mentiras,K. M. Enright,9791388204012,Fantasy,Not Read
La caza nocturna,Alexandra Christo,9788445018682,Fantasy,Not Read
Manual de Panaderia Mágica Para Usar en Caso de Ataque,T. Kingfisher,9788412473094,Fantasy,Not Read
Coronas en llamas (Coronas Gemelas #3),Catherine Doyle,9791387711160,Fantasy,Not Read
Para el trono (Wilderwood #2),Hannah Whitten,9788419266897,Fantasy,Not Read
Cielos extraños (Drowned Gods #2),Pascale Lacelle,9788410163140,Fantasy,Not Read
El aliento de Dragón (Marcado por el aliento #1),Fonda Lee,9788410163973,Fantasy,Not Read
Albaoscura (The Nevernight Chronicle #3),Jay Kristoff,9788418440236,Fantasy,Not Read
El lamento del hielo,Costa Alcalá,9788418440922,Fantasy,Not Read
El canto de las ruinas,Costa Alcalá,9788418440250,Fantasy,Not Read
La música de los prodigios,Costa Alcalá,9788417834609,Fantasy,Not Read
Everfound (The Skinjacker Trilogy #3),Neal Shusterman,9788418440670,Fantasy,Not Read
Everwild (The Skinjacker Trilogy #2),Neal Shusterman,9788418440663,Fantasy,Not Read
Everlost (The Skinjacker Trilogy #1),Neal Shusterman,9788418440656,Fantasy,Not Read
Casa de corazones,Skyla Arndt,9786313006069,Fantasy,Not Read
La era de los héroes (La Triada #2),Nira Strauss,9788419988553,Fantasy,Not Read
La verdad sobre el caso del psiquiatra desaparecido,Tom Mead,9788410080362,Mystery Thriller & Crime,Not Read
El Superviviente de Auschwitz,Josef Lewkowicz,9788419620729,Historical,Not Read
La corte de la muerte,Rick Riordan,9788418594816,Fantasy,Not Read
Entre serpientes (Above the Black #2),Marc J. Gregson,9788410163188,SciFi,Not Read
Cruzanoches,R. M. Gray,9791387711252,Fantasy,Not Read
Canto de tormentos (Myths of the Empyrieos #1),Braidee Otto,9786313005314,Fantasy,Not Read
Aurora’s  End (The Aurora Cycle #3),Amie Kaufman,9788410085701,SciFi,Not Read
El despertar del Fuegoeterno (Kindred's Curse #1),Penn Cole,9788419621665,Fantasy,Not Read
Su rostro es el sol (Throne of Khetara #1),Michelle Jabès Corpora,9788427249455,Fantasy,Not Read
La sombra del zorro (Shadow of the Fox #1),Julie Kagawa,9788494841422,Fantasy,Not Read
El día después de todos,Juan Arcones,9788419975904,Romance,Not Read
La novia oscura (The Scarlet Veil #2),Shelby Mahurin,9788410239531,Fantasy,Not Read
Cuatro reinos rotos (The Broken Blades #2),Mai Corland,9788419988591,Fantasy,Not Read
Una infinidad de sueños,Mara Rutherford,9788410479920,Fantasy,Not Read
Tiempo de veneno,Mara Rutherford,9788419147585,Fantasy,Not Read
La señal de la plaga (The Blackthorn Key #2),Kevin Sands,9788494658747,Fantasy,Not Read
El alma de la espada (Shadow of the Fox #2),Julie Kagawa,9788412056013,Fantasy,Not Read
La noche del dragón (Shadow of the Fox #3),Julie Kagawa,9788412199062,Fantasy,Not Read
Vil cazador del corazón (Vil dama de la fortuna #2),Chloe Gong,9788412725971,Mystery Thriller & Crime,Not Read
La niña halcón (Shadow Skye Series #1),Joseph Elliott,9788412030471,Fantasy,Not Read
Medusa. La chica detrás del mito,Jessie Burton,9786075575445,Fantasy,Not Read
Éramos Tres Niños Perdidos en la Niebla,Ruperto Long,9788410274174,Historical,Not Read
La narradora (The Reader Trilogy #3),Traci Chee,9788412030402,Fantasy,Not Read
La oradora (The Reader Trilogy #2),Traci Chee,9788494799730,Fantasy,Not Read
La lectora (The Reader Trilogy #1),Traci Chee,9788494551789,Fantasy,Not Read
Hombre muerto en una zanja (Serie Los archivos de Fetch Phillips #2),Luke Arnold,9789878474366,Fantasy,Not Read
La república del dragón (La guerra de la Amapola #2),R.F. Kuang,9788419266910,Fantasy,Not Read
El carnicero del bosque,Premee Mohamed,9791399052145,Fantasy,Not Read
Los sellos oscuros (Dark Sigils #1),Anna Benning,9788418027956,Fantasy,Not Read
El lobo y la serpiente (Dark Inheritance Trilogy #1),Rebecca Robinson,9788427054448,Fantasy,Not Read
La dama de la oscuridad (Lady of Darkness #1),Melissa K. Roehrich,9788419988225,Fantasy,Not Read
Un pacto de almas perdidas,Vanessa R. Migliore,9788419988300,Fantasy,Not Read
Faebound (Faebound #1),Saara El-Arifi,9788419988287,Fantasy,Not Read
La casa de los latidos (The Kingdom of Crows #2),Olivia Wildenstein,9788419988485,Fantasy,Not Read
La era de los reyes (La Triada #1),Nira Strauss,9788419988249,Fantasy,Not Read
Aurora (La Academia #2),Nerea Llanes,9788408305491,Fantasy,Not Read
El príncipe de los dragones (Flame & Arrow #1),Sandra Grauer,9788410399143,Fantasy,Not Read
La teoría de Kim (La teoría de Kim #2),Jay Sandoval,9789566419013,Fantasy,Not Read
Asesinato en el Brightwell (Colección Cozy Mystery # 38),Ashley Weaver,9788410206427,Mystery Thriller & Crime,Not Read
Mis días en el Café Torunka,Satoshi Yagisawa,9789566402381,Literary,Not Read
Los lobos de oro (The Gilded Wolves #1),Roshani Chokshi,9788418002199,Fantasy,Not Read
Las serpientes de plata (The Gilded Wolves #2),Roshani Chokshi,978841800220,Fantasy,Not Read
Las bestias de bronce (The Gilded Wolves #3),Roshani Chokshi,9788418002212,Fantasy,Not Read
El Cortejo de Bristol Keats (El Cortejo de Bristol Keats #1),Mary E. Pearson,9788410163911,Fantasy,Not Read
Danza del mar en llamas (Mousai #2),E.J. Mellow,9788408310440,Fantasy,Not Read
Las Doce Cruces de Bellevue,Pedro Godoy,9789566386926,Fantasy,Not Read
Las Runas Eternas,Diego Tamayo Quezada,9789566420248,Fantasy,Not Read
Niebla de Fuego,Krishna Villegas Andrade,9789566420316,Fantasy,Not Read
Leyendas de Kalomaar: La Venganza de la Reina,Alberto Rojas M.,9789566420514,Fantasy,Not Read
El Descenso del Guardián,Romina Merchak,9789566420521,Fantasy,Not Read
Alma y cuatro elementos,Natalia P. Órdenes,9789566420507,Fantasy,Not Read
Ápohnin: El Idioma del Relámpago,J. J. Torrico,9789566420194,Fantasy,Not Read
Vil dama de la fortuna (Vil dama de la fortuna #1),Chloe Gong,9788412669732,Mystery Thriller & Crime,Not Read
La voluntad de muchos(La Jerarquía #1),James Islington,9788410163942,Fantasy,Not Read
Anillos y estrellas (The Hidden Society #1),Jude Archer,9788414065396,Fantasy,Not Read
El secreto de Gaudlin Hall,John Boyne,9788498385779,Historical,Not Read
La casa de los aleteos (The Kingdom of Crows #1),Olivia Wildenstein,9788419988201,Fantasy,Not Read
Cinco armas rotas (The Broken Blades #1),Mai Corland,9788419988324,Fantasy,Not Read
Un último instante contigo,Naoko Higashi,9789566463009,Literary,Not Read
El coleccionista de historias,Alyson Richman,9789564088662,Historical,Not Read
Dos coronas retorcidas (The Shepherd King #2),Rachel Gillig,9788410163867,Fantasy,Not Read
La casa de las grietas,Krystal Sutherland,9788412365597,Fantasy,Not Read
Rey de corazones,Hanna Krall,9788493920036,Historical,Not Read
Magia Sombría(Shadow Magic #1),Joshua Khan,9786075271286,Fantasy,Not Read
Magia de ensueño (Shadow Magic #2),Joshua Khan,9786075275109,Fantasy,Not Read
Magia Ígnea (Shadow Magic #3),Joshua Khan,9788412056075,Fantasy,Not Read
La niña cuervo (Shadow Skye Series #2),Joseph Elliott,9788412365511,Fantasy,Not Read
Mareas infinitas (Mareas #2),Ángela G. Sanjuán,9788410479562,Fantasy,Not Read
Mareas de altura (Mareas #1),Ángela G. Sanjuán,9788410479890,Fantasy,Not Read
El príncipe cruel (Los habitantes del aire #1),Holly Black,9791387711443,Fantasy,Not Read
El rey malvado (Los habitantes del aire #2),Holly Black,9791387711450,Fantasy,Not Read
La reina de la nada (Los habitantes del aire #3),Holly Black,9791387711467,Fantasy,Not Read
La Busqueda Del Asesino (Trilogia Del Vatidico #3),Robin Hobb,9788419680976,Fantasy,Not Read
Asesino Real (Trilogia Del Vatidico #2),Robin Hobb,9788419680969,Fantasy,Not Read
Aprendiz De Asesino (Trilogia Del Vatidico #1),Robin Hobb,9788419680877,Fantasy,Not Read
Inmortal,Sue Lynn Tan,9788410085527,Fantasy,Not Read
Hijas de la niebla (Minotauro),Lydia Gregovic,9788445018699,Fantasy,Not Read
La canción de la lluvia eterna (Mousai #1),E.J. Mellow,9788408305682,Fantasy,Not Read
Las invocaciones,Krystal Sutherland,9788412908732,Fantasy,Not Read
El último unicornio,Peter S. Beagle,9786075840543,Fantasy,Not Read
Un Segundo Amor (La nación de las bestias #0),Mariana Palova,9788412365535,Fantasy,Not Read
Luna de hueso (La nación de las bestias #3),Mariana Palova,9788412669770,Fantasy,Not Read
Leyenda de fuego y plomo (La nación de las bestias #2),Mariana Palova,9788412294019,Fantasy,Not Read
El señor del Sabbath (La nación de las bestias #1),Mariana Palova,9788412030440,Fantasy,Not Read
Sanctas: Estudio de una mentira,Patricia Ibárcena,9788410085800,Fantasy,Not Read
La liga de los mentirosos (The League of Liars #1),Astrid Scholte,9788419939166,Fantasy,Not Read
Gearbreakers (Gearbreakers #1),Zoe Hana Mikuta,9788419147523,SciFi,Not Read
La maldición del faraón (Colección Cozy Mistery #31),Elizabeth Peters,9788410206502,Mystery Thriller & Crime,Not Read
Los cien amores de Julieta,Evelyn Skye,9788419030634,Literary,Not Read
Harry Potter y la Piedra Filosofal (Edición Especial con Cantos Pintados) ,J.K Rowling,9788419868282,Fantasy,Not Read
Atmosphere: Una historia de amor (Exclusiva),Taylor Jenkins Reid,9781387595142,Literary,Not Read
Citas & desmembramientos,A.L. Brody,9788410391055,Romance,Not Read
Lady Macbethad,Isabelle Schuler,9788419030580,Fantasy,Not Read
Muñeca de huesos,Holly Black,9788410239012,Fantasy,Not Read
Medianoche absoluta (Abarat #3),Clive Barker,9788416224203,Fantasy,Not Read
"Días de magia, noches de guerra (Abarat #2)",Clive Barker,9788416224173,Fantasy,Not Read
Abarat (Abarat #1),Clive Barker,9788494172991,Fantasy,Not Read
Una Anciana Encantadora… y Letal (Colección Cozy Mistery #37),Helene Tursten,9788410206304,Mystery Thriller & Crime,Not Read
Bajo el metal,Irene Morales,9788424667184,SciFi,Not Read
Un velo escarlata (The Scarlet Veil #1),Shelby Mahurin,9789566196624,Fantasy,Not Read
El aliento de los dioses,Brandon Sanderson,9791387652074,Fantasy,Not Read
Violet y Finch,Jennifer Niven,9789562479813,Romance,Not Read
El último dragón (Cuentos de Bereth #1),Javier Ruescas,9786073187022,Fantasy,Not Read
Chicas de papel y de fuego (Girls of Paper and Fire #1),Natasha Ngan,9788492918638,Fantasy,Not Read
La Casa de la Bestia,Michelle Wong,9788410644724,Fantasy,Not Read
El libro de la noche (The Charlatan Duology Series #1),Holly Black,9789566196211,Fantasy,Not Read
Corazón negro (Curse Workers #3),Holly Black,9789566196303,Fantasy,Not Read
Guante rojo (Curse Workers #2),Holly Black,9789567042913,Fantasy,Not Read
Gata Blanca (Curse Workers #1),Holly Black,9789567042708,Fantasy,Not Read
El legado de la reina cuervo,Isa J. Gonzále,9788410479746,Fantasy,Not Read
El Imperio Sangriento (The Bleeding Empire #1),Sung-Il Kim,9788445019634,Fantasy,Not Read
El corazón de Naga (El Pájaro que bebe Lágrimas #1),Yeong-Do Lee,9788445017098,Fantasy,Not Read
Un caballero en Moscú (Edición Limitada),Amor Towles,9788419456939,Literary,Not Read
Hechizos de Medianoche,Rachel Griffin,9788419252357,Fantasy,Not Read
Mister Magic,Kiersten White,9788419030832,Mystery Thriller & Crime,Not Read
La teoría de Kim (La teoría de Kim #1),Jay Sandoval,9789566145639,Fantasy,Not Read
Hija de La Frontera,Asier Moreno Vizuete,9788445014639,Fantasy,Not Read
La asesina del rey (The Halfling Saga #1),Melissa Blair,9789564085739,Fantasy,Not Read
Historia de un piano,Ramon Gener,9788423365296,Literary,Not Read
Maestra del hierro (Bladesmith #2),Tricia Levenseller,9788445018422,Fantasy,Not Read
La espada de los secretos (Bladesmith #1),Tricia Levenseller,9788445014813,Fantasy,Not Read
Huérfanos del Errante (Tejesombras #1),Costa Alcalá,9788419252760,Fantasy,Not Read
Mi Abuela Estuvo en Auschwitz,Marcos Alvo,9789566063100,Historical,Not Read
Rey brujo (The Rising World #1),Martha Wells,9788410163119,Fantasy,Not Read
El límite del cielo (Above the Black #1),Marc J. Gregson,9788410163171,SciFi,Not Read
Un cheddar para morirse (Colección Cozy Mistery #27),Korina Moss,9788410206038,Mystery Thriller & Crime,Not Read
Máscara de Gato,Francesca Zappia,9788419252234,Fantasy,Not Read
Electro,VV. AA,9788410239050,SciFi,Not Read
Mil pasos al interior de la noche,Traci Chee,9788412669749,Fantasy,Not Read
Los Brujos del fin del mundo,Miguel Ferrada,9789566402251,Literary,Not Read
Los últimos días de Clayton and Co.,Francisca Solar,9789566402282,Historical,Not Read
Algo fabuloso,Alexis Hall,9786313004010,Romance,Not Read
Flash Fire (The Extraordinaries #2),T. J. Klune,9786313001965,Fantasy,Not Read
Los Chicos de Promise,Nick Brooks,9788419252722,Mystery Thriller & Crime,Not Read
La casa Marionne (House of Marionne #1),J. Elle,9786289564990,Fantasy,Not Read
Black Water Sister,Zen Cho,9788445012444,Fantasy,Not Read
Dioses de Jade y Sombra,Silvia Moreno-García,9788445012147,Fantasy,Not Read
"Sal Conmigo, Bryson Keller!",Kevin Van Whye,9789566145349,Romance,Not Read
Serendipia Editorial. Un Amor Entre Páginas,Catalina Giselle Toloza Espinoza,9789566145684,Romance,Not Read
La ladrona de libros (Edición Limitada),Markus Zusak,9788466363310,Historical,Not Read
Una escalera hacia el cielo,John Boyne,9789566075974,Literary,Not Read
El Grimm mortal (The Forest Grimm duology #2),Kathryn Purdie,9788410239487,Fantasy,Not Read
La herencia de Orquídea Divina,Zoraida Cordova,9788416517480,Literary,Not Read
La tejedora encantada,Alexandra Bracken,9788418712104,Fantasy,Not Read
La biblioteca prohibida,Connis Dave,9788492918805,Literary,Not Read
La parca infinita (Infinity Cycle #2),Adam Silvera,9788417854461,Fantasy,Not Read
Renovarse o morir (Colección Cozy Mistery #29),Krista Davis,9788410206342,Mystery Thriller & Crime,Not Read
Rose in Chains (The Evermore Trilogy #1),Julie Soto,9788408307464,Fantasy,Not Read
Jane Eyre (Alma Pocket),Charlotte Brontë,9788418008597,Literary,Not Read
Orgullo y prejuicio (Alma Pocket),Jane Austen,9788417430719,Literary,Not Read
Persuación (Alma Pocket),Jane Austen,9788418933387,Literary,Not Read
"Anne, la de Tejados Verdes",Lucy Montgomery,9789500444392,Literary,Not Read
"Anne, la de Avonlea",Lucy Montgomery,9789500444408,Literary,Not Read
Dormir en un mar de Estrellas (Fractalverse #1),Christopher Paolini,9789567042340,SciFi,Not Read
Flores de verano,Tamiki Hara,9789567461097,Literary,Not Read
La princesa de espinas (Dauntless Path #1),Intisar Khanani,9788418509032,Fantasy,Not Read
Canción de sangre,Julia Ember,9788418509094,Fantasy,Not Read
Bloodmarked (The Legendborn Cycle #2),Tracy Deonn,9788418509544,Fantasy,Not Read
El maestro de los enigmas,Danielle Trussoni,9788419030542,Mystery Thriller & Crime,Not Read
Los jugadores,Carlos Fortea,9788494335495,Literary,Not Read
Un ardiente verano,Eduard von Keyserling,9788493739683,Literary,Not Read
Última (The Lotus Wars #3),Jay Kristoff,9788415709343,SciFi,Not Read
Imperio (The Lotus Wars #2),Jay Kristoff,9788417615932,SciFi,Not Read
Tormenta (The Lotus Wars #1),Jay Kristoff,9788417615925,SciFi,Not Read
El libro de las sombras,Jordi Ribolleda,9788419030689,Fantasy,Not Read
Diario De Ana Frank (B),Anne Frank,9788466378567,Non-Fiction,Not Read
Heat wave (The Extraordinaries #3),T. J. Klune,9786313003570,Fantasy,Not Read
Un poder desatado (The Last Binding #3),Freya Marske,9786313004270,Fantasy,Not Read
El coleccionista de brujas (Witch Walker #1),Charissa Weaks,9788418509391,Fantasy,Not Read
"Dorado, violeta y verde menta (Deseos prohibidos #1)",Marta Santés,9788419131041,Romance,Not Read
La Gaceta del Misterio (Stranger Times #1),C. K. Mcdonnell,9788418509155,Fantasy,Not Read
Legendborn (The Legendborn Cycle #1),Tracy Deonn,9788418509278,Fantasy,Not Read
Un hombre encantador (Stranger Times #2),C. K. Mcdonnell,9788418509414,Fantasy,Not Read
El hada verde,Jamie Pacton,9788410425002,Fantasy,Not Read
El circo de las luces,J.R. Dawson,9788418509742,Fantasy,Not Read
El regreso de Moriarty (Charlotte Holmes Series #2),Brittany Cavallaro,9788418509117,Mystery Thriller & Crime,Not Read
El emporio escarlata,Jamie Pacton,9788418509667,Fantasy,Not Read
Coronas de ceniza (Wings of Fury #2),Emily R.King,9788418509438,Fantasy,Not Read
Alas de furia (Wings of Fury #1),Emily R.King,9788418509247,Fantasy,Not Read
Truel1F3 (Lifel1K3 #3),Jay Kristoff,9788419030696,SciFi,Not Read
Dev1At3 (Lifel1K3 #2),Jay Kristoff,9788410085374,SciFi,Not Read
Lifel1K3 (Lifel1K3 #1),Jay Kristoff,9788419030528,SciFi,Not Read
El secreto de París,Bryn Turnbull,9789564087955,Historical,Not Read
Tumba De Dioses (The Nevernight Chronicle #2),Jay Kristoff,9788418440038,Fantasy,Not Read
Nuncanoche (The Nevernight Chronicle #1),Jay Kristoff,9788418440014,Fantasy,Not Read
La bruja de Near,Victoria Schwab,9788492918348,Fantasy,Not Read
Anhelos Inmortales (Flesh and False Gods #1),Chloe Gong,9788419266781,Fantasy,Not Read
Immortal Dark (Immortal Dark Trilogy #1),Tigest Girma,9788410190122,Fantasy,Not Read
La inquilina de Wildfell Hall (Novelas Eternas),Anne Brontë,9788413296968,Literary,Not Read
Buscando a Dorothy,Elizabeth Letts,9788416517770,Literary,Not Read
El último cupcake (Colección Cozy Mistery #30),Joanne Fluke,9788410206311,Mystery Thriller & Crime,Not Read
La guardiana de libros,Madeline Martin,9789564088150,Historical,Not Read
La última cuentista,Donna Barbara Higuera,9789569476778,Fantasy,Not Read
El gato de Schrödinger,Lily Del Pilar,9789566393245,Romance,Not Read
"El sol, la luna y las estrellas",Marta Santés,9788419131409,Romance,Not Read
Las reinas de Innis Lear (Innis Lear #1),Tessa Gratton,9786078614264,Fantasy,Not Read
Lady Hotspur (Innis Lear #2),Tessa Gratton,9788416517367,Fantasy,Not Read
El Hijo infinito (Infinity Cycle #1),Adam Silvera,9788492918850,Fantasy,Not Read
The Measure: Las cuerdas del destino,Nikki Erlick,9788419030290,Literary,Not Read
Enigma bajo las sábanas (Colección Cozy Mistery #23),Kate Carlisle,9788419599582,Mystery Thriller & Crime,Not Read
La esperanza de aquellos días,Georgia Hunter,9791387595043,Historical,Not Read
La balada del arpa de hueso,Lucy Holland,9788416517534,Fantasy,Not Read
Heroínas sencillas y perversas,Emily M. Danforth,9788416517503,Mystery Thriller & Crime,Not Read
Al otro lado del océano,Tahereh Mafi,9788492918386,Literary,Not Read
Un reino entretejido (This Woven Kingdom #1),Tahereh Mafi,9786077486527,Fantasy,Not Read
Finales Violentos (Secret Shanghai #2),Chloe Gong,9788412473032,Fantasy,Not Read
Creo que tengo un problema,Daniel Aleman,9791387595005,Mystery Thriller & Crime,Not Read
Liberamos Las Estrellas (Arenas de Arawiya #2),Hafsah Faizal,9788418002182,Fantasy,Not Read
El otro lado del cielo (The Other Side of the Sky #1),Amie Kaufman,9788417390679,Fantasy,Not Read
Caelum,Gabriel Ángulo Vragas,9789566146452,Fantasy,Not Read
La maldición radiante (Six Crimson Cranes #0),Elizabeth Lim,9789569975844,Fantasy,Not Read
Los Secretos de Longdawn (Magia & Sentimientos #1),Ariel Holz,9788419252999,Fantasy,Not Read
A la Caza del Fuego (Arenas de Arawiya #1),Hafsah Faizal,9788418002175,Fantasy,Not Read
La Daga y el Fuego (The City of Fantome #1),Catherine Doyle,9788410163607,Fantasy,Not Read
La voz del agua,Maggie Stiefvater,9788401032585,Literary,Not Read
La Cocina de los Libros de Soyangri,Kim Jee-Hye,9788492919840,Literary,Not Read
Top Secret,Sarina Bowen,9788410425125,Romance,Not Read
Rey entre sombras (The Half King #1),Melissa Landers,9788445019528,Fantasy,Not Read
Fable (Fable #1),Adrienne Young,9788417854348,Fantasy,Not Read
Medianoche (Fable #2),Adrienne Young,9788417854751,Fantasy,Not Read
Muerte en el Lovely Lady Club,Marie Rutkoski,9791387595012,Mystery Thriller & Crime,Not Read
Yerba Buena,Nina LaCour,9788416517633,Romance,Not Read
En El Bosque de Las Historias Olvidadas,Shea Ernshaw,9788416517497,Fantasy,Not Read
Una puerta en la sombra (Waxways #1),Scott Reintgen,9788410479951,Fantasy,Not Read
No dejes entrar al bosque,C.G. Drews,9786313003587,Fantasy,Not Read
Sentido y Sensibilidad (Alma Pocket),Jane Austen,9788419599704,Literary,Not Read
El buen soldado (Alma Ilustrado),Ford Madox Ford,9788419599063,Literary,Not Read
Agnes Gray (Alma Pocket),Anne Brontë,9788419599124,Literary,Not Read
Sanditon,Jane Austen,9788418933707,Literary,Not Read
El Valle del Miedo,Arthur Conan Doyle,9788418395321,Mystery Thriller & Crime,Not Read
Fathomfolk,Eliza Chan,9788445018774,Fantasy,Not Read
El lado  perdido (The Half Bad Trilogy #3),Sally Green,9786077359098,Fantasy,Not Read
Ocaso (La Academia #1),Nerea Llanes,9788408299806,Fantasy,Not Read
La caída de las brujas (El vals de la bruja #3),Belén Martínez,9788410239142,Fantasy,Current Reading
Un cielo de sueños dorados,Laura Wood,9788492918904,Fantasy,Not Read
Una furia de alas negras (Skybound #1),Alex London,9788492918447,Fantasy,Not Read
Y vendrá la oscuridad (The Age of Darkness #1),Katy Rose Pool,9788416517244,Fantasy,Not Read
Bajo la luz mortal (The Age of Darkness #3),Katy Rose Pool,9788416517701,Fantasy,Not Read
La traición de Montverre,Bridget Collins,9788416517718,Fantasy,Not Read
La orden del dragón,Jean Bennet,9788492918812,Fantasy,Not Read
Un linaje oscuro (Las Crónicas de Ravenswood #1),Victoria Vílchez,9786077484424,Fantasy,Not Read
La traición del halcón (The merciful crow #2),Margaret Owen,9788417854003,Fantasy,Not Read
La misericordia del cuervo (The merciful crow #1),Margaret Owen,9788492918621,Fantasy,Not Read
La página en llamas (La biblioteca invisible #3),Genevieve Cogman,9786077485179,Fantasy,Not Read
La ciudad enmascarada (La biblioteca invisible #2),Genevieve Cogman,9786077484301,Fantasy,Not Read
La biblioteca invisible (La biblioteca invisible #1),Genevieve Cogman,9788416517541,Fantasy,Not Read
Hotel Magnifique,Emily J. Taylor,9788417854942,Fantasy,Not Read
Juntos en la hoguera,Isabel Ibañez,9788417854874,Fantasy,Not Read
Un corazón obstinado (The Tithenai Chronicles #1),Foz Meadows,9788419030269,Fantasy,Not Read
Una gloria retorcida (This Woven Kingdom #3) ,Tahereh Mafi,9788410239227,Fantasy,Not Read
Un hilo infinito (This Woven Kingdom #2),Tahereh Mafi,9788419252753,Fantasy,Not Read
Una jaula de hilso dorados (Hilos de magia #2),Vanessa R. Migliore,9788419252098,Fantasy,Not Read
La ciudad de la muerte (Hilos de magia #1),Vanessa R. Migliore,9786077484486,Fantasy,Not Read
Dos chicas en los confines del mundo,Laura Brooke Robson,9786077487227,Fantasy,Not Read
El elegido (Trilogía El contendiente #1),Taran Matharu,9788419030283,Fantasy,Not Read
En busca del alba (Desafía la noche #2),Brigid Kemmerer,9788419252319,Fantasy,Not Read
El elixir de flor de luna (Desafía la noche #1),Brigid Kemmerer,9788417854652,Fantasy,Not Read
En tierras lejanas (Deverill Chronicles #5),Santa Montefiore,9788417421892,Historical,Not Read
"Tinta, sangre, hermana, escriba",Emma Törzs,9788419030627,Fantasy,Not Read
Un mundo oscuro (Shades of Rust and Ruin #1),A. G. Howard,9786077487333,Fantasy,Not Read
Una promesa audaz y mortal (Cursebreakers #3),Brigid Kemmerer,9788417854409,Fantasy,Not Read
Un corazón valiente y roto (Cursebreakers #2),Brigid Kemmerer,9788492918959,Fantasy,Not Read
Una maldición oscura y solitaria (Cursebreakers #1),Brigid Kemmerer,9788492918461,Fantasy,Not Read
La ciudad de bronce (The Daevabad Trilogy #1),Shannon Chakraborty,9786077487050,Fantasy,Not Read
Forjemos estrellas de plata (Forjemos estrellas de plata #1),Brigid Kemmerer,9788417854980,Fantasy,Not Read
El secreto del río (Secretos del Nilo #1),Isabel Ibañez,9788419252678,Fantasy,Not Read
El reino de cobre (The Daevabad Trilogy #2),Shannon Chakraborty,9788419030993,Fantasy,Not Read
El jardín de los malditos (Cursebreaker #1),Katy Rose Pool,9788419252708,Fantasy,Not Read
El beso de las nocturnas,Kate Armstrong,9788419252432,Fantasy,Not Read
Darkhearts,James L. Sutter,9788419252746,Romance,Not Read
Caza de brujas,Stacey Thomas,9788410085107,Fantasy,Not Read
Hechicera de huesos. El amanecer (Bone Grace #2),Kathryn Purdie,9788410239265,Fantasy,Not Read
Hechicera de huesos (Bone Grace #1),Kathryn Purdie,9788419252982,Fantasy,Not Read
La corte de la Alta Montaña (Las cinco coronas de Okrith #1),A.K. Mulford,9788419030382,Fantasy,Not Read
Las heroínas,Melissa Grey,9788419252876,Fantasy,Not Read
A mi propio ritmo,Stefany Ramírez,9789564087023,Autoayuda,Not Read
Muerte y fortuna (Pequeños ladrones #1),Margaret Owen,9788417854539,Fantasy,Not Read
Mentiras a Medianoche (Forgotten Gods Series #1),Marie Rutkoski,9788419252265,Fantasy,Not Read
Mis tardes en el pequeño café de Tokio,Michiko Aoyama,9789564087740,Literary,Not Read
Aquellos Que Estamos Destinados a Encontrar,Joan He,9788419252586,SciFi,Not Read
El vals de la bruja (Edición limitada),Belén Martínez,9788410239081,Fantasy,Not Read
Bestias y Bellas: Doce Cuentos de Hadas Tenebrosos,Soman Chainani,9788419252821,Fantasy,Not Read
Cuando me llames por mi nombre,Tucker Shaw,9788417854959,Romance,Not Read
Misterio en Egipto (Colección Cozy Mistery #22),Elizabeth Petters,9788419599551,Mystery Thriller & Crime,Not Read
Un sueño compartido,Anna-Marie McLemore,9788419130228,Romance,Not Read
Las encorsetadoras (El lenguaje de la magia #1),Cari Thomas,9788416517473,Fantasy,Not Read
Una Ilusion De Venganza,Ana Trigo,9788419030955,Fantasy,Not Read
El Dios De Los Finales,Jacqueline Holland,9788492919246,Fantasy,Not Read
Noctem: La Ciudad de los muertos,Alyssa Wees,9786077487067,Fantasy,Not Read
La tejedora del viento (El reino de los vestigios #1),Julie Johnson,9788419988577,Fantasy,Not Read
Zhara (Guardians of Dawn #1),S. Jae-Jones,9788419252555,Fantasy,Not Read
Portador del sol (Asesina de dioses #2),Hannah Kaner,9788410085183,Fantasy,Not Read
La última sonrisa en Sunder City (Serie Los archivos de Fetch Phillips #1),Luke Arnold,9788412299236,Fantasy,Not Read
La isla de los dioses (La isla de los dioses #1),Amie Kaufman,9788419252548,Fantasy,Not Read
Las señoritas del circo secreto,Constance Sayers,9788410085145,Fantasy,Not Read
La cruel mirada de los dioses (Gods Beyond the Skies #1),Molly X. Chang,9788410163485,Fantasy,Not Read
Una ventana a la oscuridad (The Shepherd King #1),Rachel Gillig,9788410163850,Fantasy,Not Read
Una verdad mortal (The Last Binding #2),Freya Marske,9786313002368,Fantasy,Not Read
Un delirio encantador,Shea Ernshaw,9788410239395,Fantasy,Not Read
Se acabó el cuento (Colección Cozy Mistery #28),Elizabeth Penney,9788410206335,Mystery Thriller & Crime,Not Read
Nuevos comienzos. Un retelling de Mujercitas,Bethany C. Morrow,9788419130112,Literary,Not Read
Imperio de Sombra y Tormento (Bilogía Hikari #1),Paula Gallego,9788410085602,Fantasy,Not Read
La sociedad de los siete ojos,Derek Milman,9788410239036,Mystery Thriller & Crime,Not Read
La bailarina italiana,Kristy Cambron,9788419939654,Historical,Not Read
El código secreto,Sara Ackerman,9788419939661,Historical,Not Read
El Dios en Llamas (La guerra de la Amapola #3),R.F. Kuang,9788419266927,Fantasy,Not Read
Luna de agua,Samantha Sotto Yambao,9788492919833,Fantasy,Not Read
El bosque Birnam,Eleanor Catton,9788492919642,Mystery Thriller & Crime,Not Read
La pequeña librería de los secretos,Jenny Colgan,9788410080935,Literary,Not Read
Una tormenta de Té,Hafsah Faizal,9788410163157,Fantasy,Not Read
Las cortes inmortales,A. M. Strickland,9788410239043,Mystery Thriller & Crime,Not Read
Un rey de invierno,Juan Arcones,9788410050259,Romance,Not Read
Un rey de verano,Juan Arcones,9788419848697,Romance,Not Read
La ciudad colgante,Charlie N. Holmberg,9788418509902,Fantasy,Not Read
Las chicas Grimrose,Laura Pohl,9789877479539,Fantasy,Not Read
Muerte entre Muffins de Arándanos (Colección Cozy Mistery #25),Joanne Fluke,9788410206298,Mystery Thriller & Crime,Not Read
Heartbreak Point,Juan Arcones,9788410298712,Romance,Not Read
Camino de huesos (De las cenizas #1),Demi Winters,9788427246775,Fantasy,Not Read
Una alquimia oscura (Crónicas de los hermanos Vincentt #1),Kristen Cárcamo,9789566257059,Fantasy,Not Read
El reino de los secretos (Graceling #3),Kristin Cashore,9789566196372,Fantasy,Not Read
El último monstruo (Graceling #2),Kristin Cashore,9789566196266,Fantasy,Not Read
Pétalos de papel (Edición Limitada),Iria G. Parente Selene M. Pascual,9788427246836,Fantasy,Not Read
Given #9,Natsuki Kizu,9788419914668,Romance,Not Read
Given #8,Natsuki Kizu,9788419536822,Romance,Not Read
Given #6,Natsuki Kizu,9788418222788,Romance,Not Read
Érase una vez un rebelde (Serie Calaveras Redimidas #2),Mary Jo Putney,9788416327911,Historical,Not Read
Érase una vez un canalla (Serie Calaveras Redimidas #3),Mary Jo Putney,9788417421311,Historical,Not Read
Las manos cálidas de los fantasmas (Edición Exclusiva),Katherine Arden,9788410085091,Fantasy,Not Read
Humo Blanco,Tiffany D. Jackson,9788419252005,Fantasy,Not Read
Reino de Garras (De las cenizas #2),Demi Winters,9788427247864,Fantasy,Not Read
Amanecer de Onyx (The Sacred Stones Trilogy #1),Kate Golden,9788419030863,Fantasy,Not Read
La canción de la cazadora,Lucy Holland,9788410085152,Fantasy,Not Read
Las sirenas,Emilia Hart,9788410085473,Fantasy,Not Read
Vuelo hacia la libertad,Alice Hoffman,9786313003419,Historical,Not Read
Una marea oscura y letal,Allison Saft,9788410085428,Fantasy,Not Read
Te receto un gato,Syou Ishida,9789564087559,Literary,Not Read
Un cadáver en Baker Street (Colección Cozy Mistery #19),Vicky Delany,9788419599599,Mystery Thriller & Crime,Not Read
Un trato con el diablo,Gabe Cole Novoa,9788410239340,Fantasy,Not Read
Reina del Estío,Carmen Romero Lorenzo,9788410085534,Fantasy,Not Read
Ruinas y sombras,Andrés Astasio,9788410239326,Fantasy,Not Read
Cartas de otro mundo,Emily J. Taylor,9788410239357,Fantasy,Not Read
La pelirroja de Auschwitz,Nechama Birnbaum,9789569973925,Historical,Not Read
La niña salvaje,Kristin Hannah,9786289689136,Literary,Not Read
Fuera de circulación (Colección Cozy Mistery #24),Miranda James,9788419599728,Mystery Thriller & Crime,Not Read
Frutos (Larga vida al rey #3),Irene Morales,9788410085459,Fantasy,Paused
Nuestra desquiciada historia de amor,Jandy Nelson,9789566402008,Literary,Not Read
Noche de caballeros,Olivie Blake,9788410239104,Fantasy,Not Read
Victoria (Premio Planeta 2024),Paloma Sanchez Garnica,9789564086767,Historical,Not Read
Érase una vez un soldado (Serie Calaveras Redimidas #1),Mary Jo Putney,9788416327720,Historical,Not Read
El perro que seguía las estrellas,Solyom Anna,9786313002474,Literary,Not Read
El circo de la noche,Erin Morgenstern,9788419030337,Fantasy,Not Read
Las aventuras de Finlay Ashowan (De Brujas y banquetes #1),Emilie Nikota,9788410085541,Fantasy,Not Read
Asalto Medici,Caitlin Schneiderhan,9788410239302,Literary,Not Read
La vieja familia (La saga de los longevos #1),Eva García Sáenz de Urturi,9789504989332,Mystery Thriller & Crime,Not Read
10 cosas que nunca pasaron,Alexis Hall,9786313002269,Romance,Not Read
Quitral,Javi Zanelli,9789566386407,Terror,TBR
Given #3,Natsuki Kizu,9788417820640,Romance,Not Read
Given #2,Natsuki Kizu,9788417820466,Romance,Not Read
Given #7,Natsuki Kizu,9788419195517,Romance,Not Read
Given #5,Natsuki Kizu,9788418222108,Romance,Not Read
Given #4,Natsuki Kizu,9788417820800,Romance,Not Read
Recuerda aquella vez,Adam Silvera,9788416622672,Romance,Not Read
Los ecos del silencio,Bridget Collins,9788492919628,Literary,Not Read
Los amantes de Auschwitz,Keren Blankfeld,9786287737143,Historical,Not Read
La decimotercera hija,Erin A. Craig,9788410239234,Fantasy,Not Read
Blanca Navidad y café negro (Colección Cozy Mistery #20),Cleo Coyle,9788410206182,Mystery Thriller & Crime,Not Read
La clínica de los no muertos,Vivian Shaw,9788410085213,Fantasy,Not Read
Mi nombre es Morgana,Sophie Keetch,9788410085251,Fantasy,Not Read
The lighting thief (Percy Jackson and The Olimpyans #1),Rick Riordan,9781368051477,Fantasy,Not Read
Coronas Malditas (Coronas Gemelas #2),Catherine Doyle,9788419266279,Fantasy,Not Read
Un asesino en las puertas (Una llama en las cenizas #3),Sabaa Tahir,9788410085169,Fantasy,Not Read
Lengua de dragones (A Language of Dragons #1),S.F. Williamson,9789566075912,Fantasy,Not Read
Un verano en el campamento,Elena Malisova,9789569995668,Romance,Not Read
Sonó un violín en Paris,María Reig,9789569973697,Historical,Not Read
Cuentos victorianos de fantasmas para Navidad,VV. AA,9788445018361,Literary,Not Read
El mago Allen,Ezer. A. Fuentes,9789564064574,Fantasy,Not Read
La ladrona de la corona,Alexandra Valeria,9789566386544,Fantasy,Not Read
El Libro Maldito de Láruna: Las Batallas Divinas,C.F. Pizant,9789566021377,Fantasy,Not Read
Siluetas en la penumbra,C. Nozomi,9789566386520,Fantasy,Not Read
Frankie,J.M. Gutsch & Maxim Leo,9789566291695,Literary,Not Read
Less está perdido,Andrew Sean Greer,9789586891608,Literary,Not Read
El Gato que Cuidaba las Bibliotecas,Sosuke Natsukawa,9789562586726,Fantasy,Not Read
Leyendas de Kalomaar: El Medallón del Sol Negro,Alberto Rojas M.,9789566386698,Fantasy,Not Read
Ápohnin. Destino Radiante,J. J. Torrico,9789566183747,Fantasy,Not Read
En el oscuro corazón del bosque,Naomi Novik,9788419030764,Fantasy,Not Read
Wisteria (Belladonna #3),Adalyn Grace,9786075928388,Fantasy,Not Read
Todas las hijas perdidas (Todas las criaturas oscuras #3),Paula Gallego,9788410239128,Fantasy,Not Read
Lady Macbeth,Ava Reid,9788410085299,Fantasy,Not Read
La balada de tres lunas,Marta Morillo,9788419939548,Fantasy,Not Read
Los malos,Melissa Albert,9788410085077,Fantasy,Not Read
La fortaleza,Javi Zanelli,9789566183617,Dystopian,TBR
Los extraordinarios (The Extraordinaries #1),T. J. Klune,9786313000449,Fantasy,Not Read
Final de capítulo (Colección Cozy Mistery #21),Eliabeth Penney,9788410206045,Mystery Thriller & Crime,Not Read
noviembre 1942,Peter Englund,9788419399175,Non-Fiction,Not Read
Larga vida al mal,Long Live Evil,9788410085268,Fantasy,Not Read
Alguien descubrió el pastel (Colección Cozy Mistery #17),Krista Davis,9788419599827,Mystery Thriller & Crime,Not Read
La guerra de Inge,Svenja O'Donnell,9788491992455,Non-Fiction,Not Read
El misterioso caso del impostor del Titanic,Carmen Posadas,9789569973666,Mystery Thriller & Crime,Not Read
Países de origen,Javier Fuentes,9788492919314,Literary,Not Read
Escape de Viena,Weina Dai Randel,9788419767301,Historical,Not Read
El violín de Goebbels,Yoann Iacono,9788419004352,Historical,Not Read
El complejo de Atlas (Seis de Atlas #3),Olivie Blake,9788419030894,Fantasy,Not Read
El hijo del Reich,Rafael Tarradas Bultó,9789569973659,Historical,Not Read
Sangre y espina (Pequeños ladrones #2),Margaret Owen,9788419252210,Fantasy,Not Read
Al final muere el primero,Adam Silvera,9789566196204,Romance,Not Read
La luna del cazador,Costa Alcalá,9788419030719,Fantasy,Not Read
El bosque Grimm (The Forest Grimm duology #1),Kathryn Purdie,9788419252562,Fantasy,Not Read
Mareas curiosas (Drowned Gods #1),Pascale Lacelle,9788410163133,Fantasy,TBR
El niño que perdió la guerra,Julia Navarro,9789566129738,Historical,Not Read
La maldición del maestro (Crónicas de la torre #2) Reedición,Laura Gallego,9788419099907,Fantasy,Not Read
La llamada de los muertos (Crónicas de la torre #3) Reedición,Laura Gallego,9788419099914,Fantasy,Not Read
"Fenris, el elfo (Crónicas de la torre #4) Reedición",Laura Gallego,9788419099921,Fantasy,Not Read
"Tuyo, con pasión (Retelling de Orgullo y Prejuicio)",Gabe Cole Novoa,9788419130303,Romance,Not Read
Paint,Lee Hee young,9788412725940,SciFi,Not Read
Ryan y Avery,David Levithan,9786313001934,Romance,Not Read
Por nosotros,Becky Albertalli,9788417854485,Romance,Not Read
Espérame,Santa Montefiore,9788419131294,Historical,Not Read
El trono de fuego (Las crónicas de Kane #2),Rick Riordan,9789585758070,Fantasy,Not Read
La sombra de la serpiente (Las crónicas de Kane #3),Rick Riordan,9789585828308,Fantasy,Not Read
Las hermanas Mitford,Marie Benedict,9789564085944,Historical,Not Read
La ciudad del polvo de estrellas,Gerogia Summers,9786289591996,Fantasy,Not Read
El secreto de Paris,Natasha Lester,9788418711824,Historical,Not Read
Todas las reinas malditas (Todas las criaturas oscuras #2),Paula Gallego,9788419252661,Fantasy,Not Read
Mi probable favorito,Juan Arcones,9786073862981,Romance,Not Read
La guardiana de las habitaciones encantadas (Whimbrel House #1),Charlie N. Holmberg,9788418509803,Fantasy,Not Read
En busca de la magia,F.T. Lukens,9788419252616,Fantasy,Not Read
El Pequeño Estudio de los Recuerdos Perdidos,Sanaka Hiiragi,9788425366079,Contemporary,Not Read
Atalanta,Jennifer Saint,9788419030344,Fantasy,Not Read
Conjuro de luz (Los colores de la magia #3),Victoria Schwab,9788419030498,Fantasy,Not Read
40 Abrigos y un Botón,Ivan Sciapeconi,9788419743688,Historical,Not Read
Bajo la luz de las estrellas,Caleb Roehrigh,9788419130143,Romance,Not Read
Jane Eyre - Edición Especial,Charlotte Brontë,9788419688132,Literary,Not Read
Pesadilla,Hans Fallada,9788416363773,Historical,Not Read
El mapa de Emily Wilde de las Tierras Extrañas (Emily Wilde Enciclopedia de Hadas #2 ),Heather Fawcett,9788419030986,Fantasy,Not Read
La Batalla de Occidente,Eric Vuillard,9789569961144,Historical,Not Read
La esencia de nuestras almas,Tasha Suri,9788419130129,Romance,Not Read
Una detective con olfato (Colección Cozy Mistery #15),Krista Davis,9788419599414,Mystery Thriller & Crime,Not Read
A de asesinato (Colección Cozy Mistery #13),Miranda James,9788419599452,Mystery Thriller & Crime,Not Read
Elemental querida lectora (Colección Cozy Mistery #8),Vicki Delany,9788419599568,Mystery Thriller & Crime,Not Read
Una espia muy real (Colección Cozy Mistery #16),Rhys Bowen,9788419599483,Mystery Thriller & Crime,Not Read
Punto Letal (Colección Cozy Mistery #14),Sally Goldenbaum,9788419599490,Mystery Thriller & Crime,Not Read
Mi amiga Anne Frank,Hannah Pick-Goslar,9788401032172,Non-Fiction,Not Read
Fraternity,Andy Mientus,9786289591828,Fantasy,Not Read
Wonder. La Lección de August (Edición Ilustrada con Capítulos Extra),R. J. Palacio,9788418050299,Contemporary,Not Read
El beso de la realeza,Lindsey Duga,9788417886912,Fantasy,Not Read
Lo que Nunca te han Contado del día D,Pere Cardona,9788417333560,Non-Fiction,Not Read
Cazadores de Nazis,Damien Lewis,9789879317976,Non-Fiction,Not Read
Harry Potter y el Misterio del Príncipe (Harry Potter - Edición 20th Aniversario #6),J.K Rowling,9788418797019,Fantasy,Not Read
Harry Potter y La orden del Fénix (Harry Potter - Edición 20th Aniversario #5),J.K Rowling,9788418174650,Fantasy,Not Read
Harry Potter y El cáliz de fuego (Harry Potter - Edición 20th Aniversario #4),J.K Rowling,9788418174582,Fantasy,Not Read
Harry Potter y las Reliquías de la Muerte (Harry Potter - Edición 20th Aniversario #7),J.K Rowling,9788418797095,Fantasy,Not Read
Harry Potter y El prisionero de Azkaban (Harry Potter - Edición 20th Aniversario #3),J.K Rowling,9788418174087,Fantasy,Not Read
Harry Potter y La cámara secreta (Harry Potter - Edición 20th Aniversario #2),J.K Rowling,9788498389746,Fantasy,Not Read
Harry Potter y La piedra filosofal (Harry Potter - Edición 20th Aniversario #1),J.K Rowling,9788498388923,Fantasy,Not Read
Proyecto Moisés,I. Biggi,9788435062855,Historical,Not Read
Big red one. Un rojo división de choque,Samuel Füller,9788435062718,Historical,Not Read
Las chicas desaparecidas de París,Pan Jenoff,9788491394167,Historical,Not Read
La biblioteca de los sueños imposibles,Lin Rina,9788418417849,Historical,Not Read
El niño del tren,Paolo Casadio,9789876285032,Historical,Not Read
El castillo a través del espejo,Mizuki Tsujimura,9786289564983,Fantasy,Not Read
La prisionera de Vallenia (The prison Healer #2),Lynette Noni,9788419252043,Fantasy,Not Read
Orgullo y prejuicio (Edición Blanco y negro),Jane Austen,9786289584219,Classic,Not Read
La batalla por los puentes,Antony Beevor,9789874479136,Non-Fiction,Not Read
Dresde,Sinclair McKay,9789589219935,Non-Fiction,Not Read
Últimos testigos,Svetlana Alexiévich,9789873752582,Non-Fiction,Not Read
Ortiga y hueso,T. Kingfisher,9788412669794,Fantasy,Not Read
Un Concilio de sombras (Los colores de la magia #2),Victoria Schwab,9788419030504,Fantasy,Not Read
Una magia más oscura (Los colores de la magia #1),Victoria Schwab,9788419030481,Fantasy,Not Read
Un capuchino mortal (Colección Cozy Mistery #4),Creo Coyle,9788419599391,Mystery Thriller & Crime,Not Read
Unas galletas de muerte (Colección Cozy Mistery #1),Joanne Fluke,9788418933615,Mystery Thriller & Crime,Not Read
Una muerte de libro (Colección Cozy Mistery #5),Miranda James,9788419599384,Mystery Thriller & Crime,Not Read
Mentiras encubiertas (Colección Cozy Mistery #7),Kate Carlisle,9788419599377,Mystery Thriller & Crime,Not Read
Crimen descatalogado(Colección Cozy Mistery #3),Miranda James,9788418933608,Mystery Thriller & Crime,Not Read
Asesinato a las finas hierbas (Colección Cozy Mistery #10),Krista Davis,9788419599438,Mystery Thriller & Crime,Not Read
El imperio de marfil (Temerario #4),Naomi Novik,9788419030177,Fantasy,Not Read
Shanghái Inmortal,A.Y. Chao,9789569957383,Fantasy,Not Read
Fuimos los afortunados,Georgia Hunter,9786289591934,Historical,Not Read
Tríada (Memorias de Idhún #2),Laura Gallego,9788467505597,Fantasy,Not Read
Panteón (Memorias de Idhún #3),Laura Gallego,9786073805636,Fantasy,Not Read
La chica que jugaba al ajedrez en Auschwitz,Gabriella Saab,9788419620385,Historical,Not Read
Misterio en el club de lectura (Colección Cozy Mistery #9),Ellery Adams,9788419599407,Mystery Thriller & Crime,Not Read
Años turbulentos (El café del Ángel #2),Anne Jacobs,9789566129639,Historical,Not Read
Para el lobo (Wilderwood #1),Hannah Whitten,9788419266880,Fantasy,Not Read
Promesas crueles (Letters of Enchantment #2),Rebecca Ross,9788419252654,Fantasy,Not Read
El último refugio. Las hermanas judías que acompañaron en el final de sus días a Ana Frank.,Roxane Van Iperen,9789504973355,Historical,Not Read
La hija de Auschwitz,Tova Friedman,9789588763903,Non-Fiction,Not Read
Todo lo Perdido y Encontrado,Lucy Foley,9788416690404,Historical,Not Read
Donde mora la oscuridad,A.B. Poranek,9788419252517,Fantasy,Not Read
De parte de la princesa muerta,Kenize Mourad,9789569973451,Historical,Not Read
Los frágiles hilos del poder,Victoria Schwab,9788419030665,Fantasy,Not Read
El juego de los deseos,Meg Schaffer,9788419030559,Fantasy,Not Read
Radio Silencio,Alice Oseman,9789877479911,Romance,Not Read
El libro de Gothel,Mary Mcmyne,9786077487043,Fantasy,Not Read
Roxy,Neal Shusterman,9788418440991,Mystery Thriller & Crime,Not Read
De vuelta a casa,Mauren Lee,9788415893325,Historical,Not Read
Ritos de primavera,Carmen Romero Lorenzo,9786077486985,Fantasy,Not Read
La dama de la guerra,Marie Benedict,9789584294289,Historical,Not Read
A la sombra de Einstein,Marie Benedict,9789569973048,Historical,Not Read
El corazón del guerrero del Sol,Sue Lynn Tan,9788419030511,Fantasy,Not Read
La Sanadora de Zalindov (The prison Healer #1),Lynette Noni,9789566196228,Fantasy,Not Read
Un mar sin estrellas,Erin Morgenstern,9788419030320,Fantasy,Not Read
Asesina de dioses,Hannah Kaner,9788419030672,Fantasy,Not Read
El secreto de Agatha,Marie Benedict,9788408248217,Historical,Not Read
Las Aventuras de Amina Al-Sirafi,Chakraborty Shannon,9788419030566,Fantasy,Not Read
La estratega de la Cítara,Joan He,9788419252272,Fantasy,Not Read
El arte de la profecía (War Arts #1),Wesley Chu,9788419030603,Fantasy,Not Read
El asesinato del señor Wickam,Claudia Gray,9788419030467,Mystery Thriller & Crime,Not Read
Una venganza para mi enemigo,Olivie Blake,9788419030597,Fantasy,Not Read
La paradoja de Atlas (Seis de Atlas #2),Olivie Blake,9788419030092,Fantasy,Not Read
Valientemente,Maggie Stiefvater,9789564084596,Fantasy,Not Read
Un fuego eterno,Rebecca Ross,9788419030313,Fantasy,Not Read
La partida final,John Donoghue,9789564082271,Historical,Not Read
Las chicas de la radio,Eva Wagendorfer,9789569973512,Historical,Not Read
El secreto de la librera de París,Lily Graham,9788419620095,Historical,Not Read
La leyenda del Último Reino,Amelie Wen Zhao,9786289591835,Fantasy,Not Read
La guerra de la Amapola (La guerra de la Amapola #1),R.F. Kuang,9788419266903,Fantasy,Not Read
El manzano,Christian Berkel,9788491396468,Historical,Not Read
Agnes Grey,Anne Brontë,9788418008108,Literary,Not Read
El ejército de Hitler,Omer Bartov,9788490608784,Non-Fiction,Not Read
Yumi y el pintor de pesadillas,Brandon Sanderson,9788419260024,Fantasy,Not Read
Un Final Llamado Inés,Daniela Viviani,9789564083476,Historical,Not Read
Víctor 1907,Daniela Viviani,9789563607314,Historical,Not Read
Un Príncipe Encantador,Alison Cochrun,9788419131010,Romance,Not Read
Las Mujeres Weyward,Emilia Hart,9788419030252,Fantasy,Not Read
Portofino 1926,J. P. O Connell,9788408269748,Historical,Not Read
Todas las Vidas de Eva Ki,Cristian Acevedo,9788416517800,Fantasy,Not Read
El Libro de Cocina de la Señorita Eliza,Annabel Abbs,9789564081236,Historical,Not Read
La chica que nos devolvió el mar,Adrienne Young,9788417854805,Fantasy,Not Read
La enciclopedia de hadas de Emily Wilde (Emily Wilde Enciclopedia de Hadas #1 ),Heather Fawcett,9788419030139,Fantasy,Not Read
Una lección de tinta y venganza,Victoria Lee,9789567042890,Fantasy,Not Read
El fin de la Historia,Sarah Dessen,9788417222789,Romance,Not Read
Los secretos del Kremlin,Bernard Lecomte,9789500299817,Non-Fiction,Not Read
El filo de la navaja,Somerset Maugham,9789962724070,Historical,Not Read
"Mañana, y Mañana, y Mañana",Gabrielle Zevin,9788411481489,Literary,Not Read
El caso Christie,Nina de Gramont,9788419030023,Mystery Thriller & Crime,Not Read
Historias de Esperanza,Heather Morris,9789569956690,Historical,Not Read
El Secreto Fabergé,Charles Belfoure,9789564080796,Historical,Not Read
Bromance. Club de lectura para caballeros,Lyssa Kay Adams,9789877479072,Romance,Not Read
Cielos rebeldes (Rebel Skies #1),Ann Sei Lin,9788418797934,Fantasy,Not Read
La princesa del Champán,Anette Fabiani,9788419449498,Historical,Not Read
Un reino por teatro (Shadow Players #2),Heidi Heilig,9788417854829,Fantasy,Not Read
Una musa de fuego (Shadow Players #1),Heidi Heilig,9788492918409,Fantasy,Not Read
Coronas Gemelas (Coronas Gemelas #1),Katherine Webber,9788419266262,Fantasy,TBR
La mujer de blanco,William Wilkie Collins,9788418395147,Literary,Not Read
Ella que Llegó a ser el sol,Shelly Parker Chan,9788419030108,Historical,Not Read
¿Y si Fuéramos Nosotros?,Becky Albertalli,9788492918164,Romance,Not Read
El diccionario de las palabras olvidadas,Pip Williams,9788419110558,Contemporary,Not Read
La naturaleza de las brujas,Rachel Griffin,9788419252142,Fantasy,Not Read
Tras la sombra de un submarino,Robert Kurson,9788411000390,Historical,Not Read
El agua de la vida,Sara Gruen,9789563602340,Historical,Not Read
La luz en lugares ocultos,Sharon Cameron,9788417854393,Historical,Not Read
Las chicas del gueto,V.S. Alexander,9789564083438,Historical,Not Read
Las rosas olvidadas,Martha Hall Kelly,9788418185311,Historical,Not Read
Las mujeres de la casa de las lilas,Martha Hall Kelly,9788418185175,Historical,Not Read
Centinela de los sueños,Emilio Lara,9788435063685,Historical,Not Read
Tiempo de secretos en Deverill (Deverill Chronicles #4),Santa Montefiore,9788417421397,Historical,Not Read
El último secreto de los Deverill (Deverill Chronicles #3),Santa Montefiore,9788416327782,Historical,Not Read
Las hijas del castillo Deverill (Deverill Chronicles #2),Santa Montefiore,9788416327768,Historical,Not Read
Canciones de amor y guerra (Deverill Chronicles #1),Santa Montefiore,9788416517145,Historical,Not Read
La asesina y el príncipe (Graceling #1),Kristin Cashore,9789566196068,Fantasy,Not Read
El corazón de la bruja,Genevieve Gornichec,9788416517749,Fantasy,Not Read
Tiempo de Mujeres,Carmen Korn,9789563608588,Historical,Not Read
Hijas de una nueva era,Carmen Korn,9789584287267,Historical,Not Read
Las cuatro amigas,Carmen Korn,9788408254652,Historical,Not Read
La otra mujer,Daniel Silva,9788491393504,Historical,Not Read
La sonrisa del demonio,Tessa Gratton,9789874132932,Fantasy,Not Read
Los claustros,Katy Hays,9788492919192,Mystery Thriller & Crime,Not Read
En el corazón del bosque,Kristin Harmel,9788416517916,Historical,Not Read
La viajera nocturna,Armando Lucas Correa,9788466672689,Historical,Not Read
Abejas Grises,Andrei Kurkov,9789563843576,Historical,Not Read
La lista de la suerte,Rachael Lippincott,9789569476570,Contemporary,Not Read
Los rebeldes,Sándor Marai,9788498382136,Historical,Not Read
La luz después de la guerra,Anita Abriel,9788491293774,Historical,Not Read
Hijas de la resistencia,Judy Batalion,9788432239533,Non-Fiction,Not Read
La única elegida,Kiersten White,9788492918874,Fantasy,Not Read
La paga de los soldados,William Faulkner,9789962724100,Historical,Not Read
El puente de Clay,Markus Zusak,9788426405906,Historical,Not Read
Ha vuelto,Timur Vermes,9788432224058,Humor,Not Read
Mi Ucrania,Victoria Belim,9789566058489,Historical,Not Read
Lennox,Craig Russell,9788499181073,Mystery Thriller & Crime,Not Read
En nuestros corazones éramos gigantes,Yehuda Koren,9789879317983,Non-Fiction,Not Read
Hhhh,Laurent Binet,9786070762581,Historical,Not Read
La voz de los valientes,Rafael Tarradas Bultó,9788467068542,Historical,Not Read
"Yo, Dita Kraus, La bibliotecaria de Auschwitz",Dita Kraus,9788418557620,Historical,Not Read
Todas las piezas rotas,John Boyne,9789566075325,Historical,Not Read
Las cocineras de Fenley,Jennifer Ryan,9788419449795,Historical,Not Read
Las costureras de Auchwitz,Lucy Adlington,9789564081502,Historical,Not Read
El chico sobre la caja de madera,Leon Leyson,9789876127950,Historical,Not Read
Una librería en Berlín,Francoise Frenkel,9789563602838,Historical,Not Read
Los nazis sabían mi nombre,Magda Hellinger Maya Lee,9789566063841,Historical,Not Read
Un océano entre nosotros,Gill Thompson,9788418538681,Historical,Not Read
Cuando el mundo era joven,Carmen Korn,9789564081229,Historical,Not Read
La mujer de la estrella azul,Pan Jenoff,9788491397045,Historical,Not Read
Las hijas de la guerra,Brigitte Riebe,9788466667876,Historical,Not Read
La chica que escapó de Auschtwitz,Ellie Midwood,9788419283061,Historical,Not Read
La postal,Anne Berest,9788426422859,Historical,Not Read
La enfermera de Auschwitz,Anna Stuart,9788419620026,Historical,Not Read
La guerra de Courtney,Wilbur Smith,9789500440509,Mystery Thriller & Crime,Not Read
Antes de que se enfríe el café,Toshizaku Kawaguchi,9789506446567,Contemporary,Not Read
Less,Andrew Sean Greer,9788491814269,Contemporary,Not Read
La vida privada de Stalin,Lilly Marcou,9789500207201,Non-Fiction,Not Read
El sol y la mentira,Iria G. Parente Selene M. Pascual,9788418440045,Fantasy,Not Read
Secretos de la luna llena 3:Despedidas [Reedición],Iria G. Parente Selene M. Pascual,9788419478474,Fantasy,Not Read
Una tormenta de fuego (Suspiro negro #1),Paula Gallego,9788418274909,Fantasy,Not Read
Una tormenta de cenizas (Suspiro negro #2),Paula Gallego,9788418539657,Fantasy,Not Read
Príncipe de la traición,Paula Gallego,9788419147349,Fantasy,Not Read
Secretos de la luna llena 2:Encuentros [Reedición],Iria G. Parente Selene M. Pascual,9788419478467,Fantasy,Not Read
Secretos de la luna llena 1: Alianzas [Reedición],Iria G. Parente Selene M. Pascual,9788419478450,Fantasy,Not Read
La flor y la muerte (Olympus #1),Iria G. Parente Selene M. Pascual,9788417834883,Fantasy,Not Read
La maldición de los sueños,Rebecca Ross,9788417854720,Fantasy,Not Read
Así que esto no es un felices para siempre,F.T. Lukens,9789566196273,Fantasy,Not Read
Tess del camino,Rachel Hartman,9788416858927,Fantasy,Not Read
La última cazadora,Kiersten White,9788492918553,Fantasy,Not Read
El bosque de las cosas perdidas,Shea Ernshaw,9788492918867,Fantasy,Not Read
Al final mueren los dos,Adam Silvera,9788496886704,Romance,Not Read
Todos somos villanos,M.L. Rio,9788419030474,Mystery Thriller & Crime,Not Read
Cartas desde el olvido,Anna Ellory,9788491397083,Historical,Not Read
Breve Historia de Inglaterra (Simon Jenkins),Simon Jenkins,9788491649694,Non-Fiction,Not Read
Seis Grullas (Six Crimson Cranes #1),Elizabeth Lim,9789507325526,Fantasy,Not Read
El Clan de los Bombarderos,Malcolm Gladwell,9789877370799,Non-Fiction,Not Read
La Traductora,Jose Gil Romero,9788491396482,Historical,Not Read
Ana de Ingleside (Ana de las tejas verdes #6),Lucy Montgomery,9788410206052,Literary,Not Read
Ana y la casa de sus sueños (Ana de las tejas verdes #5),Lucy Montgomery,9788419599315,Literary,Not Read
Ana de álamos ventosos (Ana de las tejas verdes #4),Lucy Montgomery,9788418933486,Literary,Not Read
Ana de la Isla (Ana de las tejas verdes #3),Lucy Montgomery,9788418933479,Literary,Not Read
Ana de Avonlea (Ana de las tejas verdes #2),Lucy Montgomery,9788418395833,Literary,Not Read
Piratas del firmamento,Adriana Criado,9788418539367,Fantasy,Not Read
El Código Rosa,Kate Quinn,9788491397496,Historical,Not Read
Los Lazos de la Tierra,Charlotte Link,9788425358371,Historical,Not Read
Esa vida que imaginamos,Florencia Eluchans,9789569963292,Historical,Not Read
Hotel Savoy. El periplo de una familia,Maxim Wahl,9788467064797,Historical,Not Read
Hotel Savoy. El destino de una familia,Maxim Wahl,9788467064780,Historical,Not Read
La maldición de Excalibur,Kiersten White,9788419252296,Fantasy,Not Read
Una mujer sin importancia,Sonia Purnell,9789563608397,Historical,Not Read
El viaje de Cilka,Heather Morris,9789569956416,Historical,Not Read
Desviación,Luce d'Eramo,9788432233401,Historical,Not Read
Ardenas 1944,Antony Beevor,9788408181514,Non-Fiction,Not Read
La agenda roja,Sofia Lundberg,9788491393269,Historical,Not Read
Soldados del Tercer Reich,Sönke Neitzel,9789879317310,Non-Fiction,Not Read
Los aromas perdidos,Charlotte Link,9788425358364,Historical,Not Read
Auschwitz,Esther Mucznik,9788491642978,Non-Fiction,Not Read
Los niños de Irena,Tilar J. Mazzeo,9789569582776,Historical,Not Read
El silencio de la ciudad blanca (Trilogía de la Ciudad Blanca #1),Eva García Sáenz de Urturi,9788408154167,Historical,Not Read
El libro de los portales,Laura Gallego,9788445002285,Fantasy,Not Read
El pintor de Auschwitz,Jacobo Celnik,9789585549715,Historical,Not Read
Los Custodios del Tiempo,Alyson Richman,9789564082363,Historical,Not Read
Monte Cassino,Sven Hassel,9788415372554,Non-Fiction,Not Read
Operación Castigo,Max Hastings,9788491993384,Non-Fiction,Not Read
Breve historia de Inglaterra (Duncan Townson),Duncan Townson,9788491040767,Non-Fiction,Not Read
El italiano,Arturo Pérez-Reverte,9789877388176,Historical,Not Read
Los señores del tiempo (Trilogía de La Ciudad Blanca #3),Eva García Sáenz de Urturi,9789569963445,Mystery Thriller & Crime,Not Read
La Primera Guerra Mundial,,9788499700427,Non-Fiction,Not Read
El saboteador,Andrew Gross,9786070770616,Historical,Not Read
Pretérito imperfecto,Nieves Concostrina Villarreal,9788491644583,Non-Fiction,Not Read
La última descendiente,Rick Riordan,9788418949166,Fantasy,Not Read
Las invitadas secretas,Benjamin Black,9788491870814,Historical,Not Read
Hitler y el nuevo orden mundial,Abel Basti,9789504974253,Non-Fiction,Not Read
Leningrado,Brian Moynahan,9788416252824,Non-Fiction,Not Read
El jardín italiano,Alyson Richman,9788408261001,Historical,Not Read
El Ladrón Nocturno,E. W. Hornung,9788415215158,Literary,Not Read
Los ritos del agua (Trilogía de la Ciudad Blanca #2),Eva García Sáenz de Urturi,9788408169451,Mystery Thriller & Crime,Not Read
La Resistencia (Memorias de Idhún #1),Laura Gallego,9786073197571,Fantasy,Not Read
Los cuatro vientos,Kristin Hannah,9788491295327,Historical,Not Read
Chiripas de la Historia,Gonzalo Ugidos,9788490605578,Non-Fiction,Not Read
El Código Da Vinci,Dan Brown,9788408095330,Mystery Thriller & Crime,Not Read
Arsene Lupin y la aguja hueca,Maurice Leblanc,9788728024157,Mystery Thriller & Crime,Not Read
La caída del Muro de Berlín,Ricardo Mart,9788491644866,Non-Fiction,Not Read
Verity. La Sombra de un Engaño,Colleen Hoover,9789564082417,Mystery Thriller & Crime,Not Read
El Día más largo,Cornelius Ryan,9788496364004,Non-Fiction,Not Read
Hijos de nazis,Tania Crasnianski,9788491640493,Non-Fiction,Not Read
La Segunda Guerra Mundial,Martin Gilbert,9788497344333,Non-Fiction,Not Read
El oscuro descenso de Elizabeth Frankenstein,Kiersten White,9789877474596,Fantasy,Not Read
Ultimos dias en Berlin,Paloma Sanchez Garnica,9788408249856,Historical,Not Read
Los últimos días de nuestros padres,Joël Dicker,9788420417219,Historical,Not Read
Un tiempo nuevo (El café del Ángel #1),Anne Jacobs,9789566129349,Historical,Not Read
Hijos de la Stasi,David Young,9788491390770,Historical,Not Read
El barco de los muertos (Magnus Chase #3),Rick Riordan,9788490439609,Fantasy,Not Read
Liquidad Paris,Sven Hassel,9788401495908,Non-Fiction,Not Read
La matanza de Rechnitz,Sacha Batthyany,9788432232541,Historical,Not Read
Peter Pan,J. M. Barrie,9788418008146,Literary,Not Read
El último tren a la libertad,Meg Waite Clayton,9788491394679,Historical,Not Read
Lágrimas en el mar,Ruta Sepetys,9788416363780,Mystery Thriller & Crime,Not Read
El vagón de los huérfanos,Pam Jenoff,9788417216221,Historical,Not Read
"Menudas historias de la historia : anécdotas, despropósitos, algaradas y mamarrachadas de la humanidad",Nieves Concostrina,9788497349826,Non-Fiction,Not Read
Violetas de Marzo,Philip Kerr,9788491875079,Historical,Not Read
El Retrato de Dorian Gray,Oscar Wilde,9788417928810,Literary,Not Read
La Luna Sobre El Soho,Ben Aaronovitch,9788417525965,Fantasy,Not Read
El Niño En La Cima de La Montaña,John Boyne,9788498387278,Historical,Not Read
Sombras Quemadas,Kamila Shamsie,9788498383492,Historical,Not Read
El último día de Adolf Hitler,David Solar,9788497342148,Non-Fiction,Not Read
La catadora de Hitler,V.S. Alexander,9786070757822,Historical,Not Read
El triángulo de oro,Maurice Leblanc,9789878466200,Mystery Thriller & Crime,Not Read
Familias fatales,Ben Aaronovitch,9788417525293,Fantasy,Not Read
Madame Bovary,Gustave Flaubert,9788415618843,Literary,Not Read
Nos vemos allá arriba,Pierre Lemaitre,9788498387285,Historical,Not Read
Una Obsesion Perversa,Victoria Schwab,9788492918188,Fantasy,Not Read
Querida señora Bird,A.J. Pearce,9788417541699,Historical,Not Read
Sangre azul,Danielle Steel,9789566129196,Historical,Not Read
"Hitler, los alemanes y la solución final",Ian Kershaw,9788497348348,Non-Fiction,Not Read
Una Venganza Mortal,Victoria Schwab,9788492918676,Fantasy,Not Read
De noche sueño con la paz,Caroline Ulreich,9788491640837,Non-Fiction,Not Read
"Arsenio Lupin, caballero-ladrón",Maurice Leblanc,9788418557439,Literary,Not Read
Un Rio Encantado,Rebecca Ross,9788416517824,Fantasy,Not Read
El Secreto de las Nubes,Alyson Richman,9789563609028,Historical,Not Read
Diario,Hélène Berr,9788433973665,Historical,Not Read
Cuentos de Los Hermanos Grimm,Wilhelm Grimm,9788415618706,Literary,Not Read
La estación de las tormentas (La estación de las tormentas 1),Charlotte Link,9788425358746,Historical,Not Read
Crónica de la Guerra Europea 1914-1918,Vicente Blasco Ibáñez,9788490600399,Non-Fiction,Not Read
El tatuador de Auschwitz,Heather Morris,9788467053616,Historical,Not Read
El Castillo Negro,Gaston Leroux,9788415215301,Literary,Not Read
La Sombra del Viento,Carlos Ruiz Zafón,9788408163435,Mystery Thriller & Crime,Not Read
Las mujeres de la orquesta roja,Jennifer Chiaverini,9788491395874,Historical,Not Read
El Último Mago,Lisa Maxwell,9789877473568,Fantasy,Not Read
Las Aguas Rebeldes,Sara Raasch,9788492918324,Fantasy,Not Read
Las furias invisibles del corazón,John Boyne,9788418107795,Historical,Not Read
La red de Alice,Kate Quinn,9788491292920,Historical,Not Read
La princesa de invierno,Paula Gallego,9788419147080,Fantasy,Not Read
Reinos de cristal (Marabilia #5),Iria G. Parente Selene M. Pascual,9788417834371,Fantasy,Not Read