Tipo,Nombre
Libro,un delirio encantador
Libro,bella y la bestia
Libro,BUZON DE LAS IMPURAS + CLAYTON
Libro,isla de los anhelos
Libro,secreto de las nubes
Libro,LO MAS PROFUNDO
Libro,CUANDO HARU ESTUVO AQUI
Libro,nuestro largo adios
Libro,UN NUEVO ENGAÑO
Libro,EL FARO DE LOS AMORES
Libro,sonata de  verano
Libro,amor derriba muros
Libro,TRONO DEL PRISIONERO
Libro,el secreto del rio
Libro,hoy  se lo digo
Libro,juego de reinas + adios paris
Libro,REINA DEL ESTIO
Libro,"un violin en paris, una nueva oportunidad"
Libro,no eres mi alma
Libro,RETORNO DE RACHEL PRICE
Libro,una de los suyos
Libro,quedara el amor
Libro,secretos del jardin odette
Libro,OJALA ESTA FUERA NUESTRA HISTORIA DE AMOR
Libro,el rey de la mascara oscura
Libro,DESPUES DEL OCEANO
Libro,UNA CANCION SALVAJE
Libro,idilico
Libro,nueve de noviembre
Libro,A LA SOMBRA DEL ARCOIRIS
Libro,secreto de su mente
Libro,la libreria de lady destino
Libro,TRONO DE LOS CAIDOS
Libro,EL PROBLEMA DEL PARAISO
Libro,el pajaro y el corazon de piedra
Libro,mejor que en las peliculas
Libro,bienvenidos a la libreria
Libro,cuando no queden mas estrellas
Libro,sirenas
Libro,1 la eternidad no es para siempre
Libro,mesa de los solteros
Libro,RECUERDAME ALICE
Libro,ADIOS PARIS
Libro,AMOR EN PRESTAMO
Libro,UNA CATASTROFICA VISITA AL ZOO
Libro,un crucigrama
Libro,un encantamiento fragil
Libro,"querido vecino, birthday girl"
Libro,MAGIA DE LAS CASUALIDADES
Libro,MENU PARA DOS
Libro,corazon roto
Libro,OK
Libro,yo en tu casa tu en la mia
Libro,JOSH Y HAZEL GUIA FRACASOS
Libro,la ultima vez q pienso en ti
Libro,entre tu y yo
Libro,josh y hazel
Libro,fragilidad de un corazon
Libro,EL SOL TAMBIEN ES UNA ESTRELLA
Libro,LA TEORIA DEL AMOR
Libro,UN PASE AL CORAZON
Libro,HIPOTESIS DEL AMOR
Libro,si fueramos eternos
Libro,los ultimos dias de clayton
Libro,encantamiento fragil
Libro,faro de los amores dormidos
Libro,"bestiario, ultimos dias de clayton"
Libro,invocacion
Libro,LA CHICA QUE OIA A LOS MUERTOS
Libro,reina del estio
Libro,NO ESTAS EN LA LISTA
Libro,NO DEBIA SER ASI
Libro,LA QUIMICA DEL AMOR
Libro,en lo mas profundo
Libro,LOS SIETE MARIDOS DE EVELYN
Libro,SEÑOR NUMERO DESCONOCIDO
Libro,PRINCESA ENCANTADA
Libro,CUANDO NO QUEDEN MAS ESTRELLAS QUE CONTAR
Libro,Rachel price
Libro,LIBRERIA VIERNES
Libro,ALAS DE ONIX
Libro,EL PRINCIPE CAUTIVO
Libro,pabellon 57
Libro,ANDA ANDA MARI MORENA
Libro,teoria kim
Libro,"CHARLIE, EL AMOR Y LOS CLICHÉS"
Libro,BIENVENIDOS A LA LIBRERIA
Libro,MESA SOLTEROS
Libro,siempre fuiste tu
Libro,LA ULTIMA CARTA
Libro,etereo
Libro,ecuacion de almas gemelas
Libro,NUESTRO LARGO ADIOS
Libro,a traicion de los cisnes
Libro,la fan n1
Libro,TU Y OTROS DESASTRES NATURALES
Libro,"tu, yo y el super bowl"
Libro,ok
Libro,princesa encantada
Libro,"Siembra negra, Medium, La hora azul"
Libro,no debia ser asi
Libro,fragilidad de un corazon bajo la lluvia
Libro,mascara de gato
Libro,recuerdame alice
Libro,"birthday girl, Corrupt, Guardianes. Los condenados"
Libro,CRUZAR LA LINEA
Libro,EL CORAZON DEL REY
Libro,"Cuentos Victorianos de Fantasmas Para Navidad, confesiones, libro sorpresa"
Libro,magia en calle navidad
Libro,josh y hazel guia fracasos
Libro,LA ULTIMA CUENTISTA
Libro,seis litros
Libro,el misterio de la lavanderia
Libro,SIEMPRE FUISTE TU
Libro,la maldicion dela sangre
Libro,lafdy macbeth
Libro,MELODIA DE LA MEMORIA
Libro,guia para brujas
Libro,LECTURA DEL VERANO
Libro,UN VERANO EN NY
Libro,un segundo para amarte
Libro,no deberiamos
Libro,ROMPER EL CIRCULO
Libro,anda mari morena
Libro,GUIA PARA BRUJAS FALSAS
Libro,"Josh y Hazel: Guía para el fracaso amoroso"""
Libro,serpiente y las alas
Libro,el señor numero desconocido
Libro,quizas en otra vida
Libro,mecanica del amor
Libro,SONO UN VIOLIN EN PARIS
Libro,mapa de tierras extrañas
Libro,LAS COSAS MAS PRECIOSAS
Libro,la libreria de los viernes
Libro,el dia que dejo de nevar en alaska
Libro,llevame a cualquier lugar
Libro,un pacto electrizante
Libro,el retorno de rachel
Libro,cuando seas mia
Libro,MAS QUE UNA POSIBILIDAD
Libro,VALS DE LA BRUJA
Libro,la mecanica del amor
Libro,NADA COMO EN LAS PELICULAS
Libro,ESCANDALO REAL
Libro,la ecuacion de amor
Libro,MALDICION DE LA SANGRE
Libro,OYE DIABLA
