titulo,autor,genero,editorial,precio,stock,encuadernacion
LA ETERNIDAD NO ES PARA SIEMPRE,J. C. CERVANTES,ROMANCE,PLANETA,0,0,
9 DE NOVIEMBRE,COLLEEN HOOVER,ROMANCE,PLANETA,0,0,
A LA SOMBRA DEL ARCOIRIS,ELENA CASTILLO CASTRO,ROMANCE,URANO,0,0,
LA TRAICION DE LOS CISNES,A.B. PORANEK,FANTASIA,URANO,0,0,
"ADIOS, PARIS",ANSTEY HARRIS,FICCION GENERAL,URANO,0,0,
AGUAS OSCURAS,ROBERT BRYNDZA,THRILLER,DUOMO EDICIONES,0,0,
ALAS DE ESTRELLA,"DISNEY, ALLISON SAFT",FANTASIA,PLANETA,0,0,
ALAS DE ONIX,REBECCA YARROS,ROMANTASY,PLANETA,0,0,
ALICIA EN EL PAIS DE LAS IDEAS,ROGER-POL DROIT,FICCION GENERAL,ARIEL,0,2,
ALIENTO DE LAS LLAMAS,CLEMENTINE RIVERA,ROMANTASY,PLANETA,0,0,
AMANECER DE ONYX,KATE GOLDEN,ROMANTASY,URANO,0,0,
AMANECER EN LA COSECHA,SUZANNE COLLINS,CIENCIA FICCION,MOLINO (RBA),0,0,
AMOR ANIMAL,LANA FERGUS9N,ROMANTASY,V&R EDITORAS,0,1,
EL AMOR DERRIBA MUROS,REBECCA JENSHAK,ROMANCE,CHIC EDITORIAL,0,0,
AMOR EN PRESTAMO,EMILY HENRY,ROMANCE,PLANETA,0,0,
"ANDE, ANDE, ANDE, LA MARI MORENA",M. J. SANCHEZ,ROMANCE,AUTOPUBLICADO,0,0,
ANTES DE VERTE,EMILY HOUGHTON,ROMANCE,URANO,0,0,
APRENDIZ DEL VILLANO,HANNAH NICOLE MAEHRER,ROMANTASY,FAERIS EDITORIAL,0,0,
APUESTO POR NOSOTROS,LYNN PAINTER,ROMANCE,URANO,0,0,
ASALTO MEDICI,MARINA TENA TENA,FANTASIA,URANO,0,0,
ASESINA DE DIOSES,HANNAH KANER,FANTASIA,URANO,0,0,
ASISTENTE DEL VILLANO,HANNAH NICOLE MAEHRER,ROMANTASY,ZIG ZAG,0,0,
ATMOSPHERE,CHARLES SOULE,CIENCIA FICCION,PLANETA,0,0,
ATRAPADA EN VACACIONES,CHRISTINA LAUREN,ROMANCE,V&R EDITORAS,0,4,
LA BELLA Y LA BESTIA,JEANNE-MARIE LEPRINCE DE BEAUMONT),CLASICOS,ALMA,0,0,
BESTIARIO,JULIO CORTAZAR,FICCION GENERAL,ALFAGUARA,0,0,
BETTER,CARRIE ELKS,ROMANCE,CHIC EDITORIAL,0,0,
BIENVENIDOS A LA LIBRERIA HYUNAM-DONG,SATOSHI YAGISAWA,FICCION GENERAL,PLANETA,0,9,
BIRTHDAY GIRL,PENELOPE DOUGLAS,DARK ROMANCE,PLANETA,0,7,
Butcher,KEVIN PANETTA,ROMANCE,PLANETA,0,0,
BLUEBELLS,S. M. SOTO,ROMANCE,CHIC EDITORIAL,0,0,
BOSS,EVA MUÑOZ,DARK ROMANCE,MONTENA,0,22,
BUTCHER,SELENE M.,DARK ROMANCE,AUTOPUBLICADO,0,0,
BUTCHER AND BLACKBIRD,BRYNNE WEAVER,DARK ROMANCE,CONTRALUZ,0,1,
EL BUZON DE LAS IMPURAS,FRANCISCA SOLAR,HISTORICO,URANO,0,1,
CADENAS DEL REY,JENNIFER L. ARMENTROUT,ROMANTASY,URANO,0,0,
CANTO DE TORMENTOS,BRAIDEE OTTO,FANTASIA,ZIG ZAG,0,0,
CAPTIVE,SARAH RIVENS,DARK ROMANCE,PLANETA,0,0,
CARTAS DE OTRO MUNDO,EMILY J. TAYLOR,FANTASIA,URANO,0,0,
"CHARLIE, EL AMOR Y LOS CLICHES",ELLA MAISE,ROMANCE,CHIC EDITORIAL,0,0,
CIUDAD DE POLVO DE ESTRELLAS,GEORGIA SUMMERS,FANTASIA,URANO,0,0,
COLLIDE,BAL KHABRA,ROMANCE,V&R EDITORAS,0,0,
CONFESIONES,SAN AGUSTIN DE HIPONA,CLASICOS,ALIANZA,0,0,
CORAZON ROTO,MARIA MARTINEZ,ROMANCE,PLANETA,0,0,
CORAZON AGRIDULCE,H. HUNTING,ROMANCE,WONDERBOOKS,0,0,
CORRUPT,PENELOPE DOUGLAS,DARK ROMANCE,PLANETA,0,2,
CORTAR EL VIENTO,LYLA SAGE,ROMANCE,URANO,0,0,
UN CRUCIGRAMA Y UN CAFÉ,LORETA M.,ROMANCE,AUTOPUBLICADO,0,0,
CRUZAR LA LINEA,COLLEEN HOOVER,ROMANCE,PLANETA,0,0,
CUANDO DESPIERTEN LAS FLORES,ANDREA LONGARELA,ROMANCE,PLANETA,0,0,
CUANDO EL CIELO SE VUELVA AMARILLO,NEREA PASCUAL,ROMANCE,ESENCIA,0,0,
CUANDO HARU ESTUVO AQUI,DUSTIN THAO,ROMANCE,KIWI,0,0,
CUANDO NO QUEDEN MAS ESTRELLAS QUE CONTAR,MARIA MARTINEZ,ROMANCE,PLANETA,0,1,
CUANDO SEAS MIA,ABBI GLINES,ROMANCE,CHIC EDITORIAL,0,0,
DE RODILLAS,J. KENNER,SPICY,PLANETA,0,0,
DE SANGRE Y CENIZAS,JENNIFER L. ARMENTROUT,ROMANTASY,URANO,0,1,
DEL ODIO AL AMOR,ALI HAZELWOOD,ROMANCE,CONTRALUZ,0,0,
UN DELIRIO ENCANTADOR,SHEA ERNSHAW,FANTASIA,URANO,0,0,
DESEOS PELIGROSOS,TAYLOR HUTTON,ROMANCE,URANO,0,0,
DESPUES DEL OCEANO,BELEN MARTINEZ,FANTASIA,URANO,0,0,
DESTRUCTORA DE REINOS,VICTORIA AVEYARD,FANTASIA,PLANETA,0,0,
DETONANTE,MAR PETRYK,ROMANCE,PLANETA,0,1,
DIANA IN LOVE,SHANA FESTE Y JEN BESSER,ROMANCE,PLANETA,0,0,
DIOSES DE JADE Y SOMBRA,SILVIA MORENO-GARCIA,FANTASIA,MINOTAURO,0,0,
DIOSES INDOMABLES,HANNAH KANER,FANTASIA,URANO,0,0,
DIRTY DIANA,CHARLENE DIANE MITCHELL,ROMANCE,XLIBRIS CORPORATION,0,0,
DONDE MORA LA OSCURIDAD,A.B. PORANEK,FANTASIA,URANO,0,0,
DOS VIDAS PARA CRECER,KRISTINA MONINGER,ROMANCE,ZIG ZAG,0,1,
DULCE PESADILLA,TRACY WOLFF,ROMANTASY,PLANETA,0,4,tapa dura
LA ECUACION DE LAS ALMAS GEMELAS,CHRISTINA LAUREN,ROMANCE,V&R EDITORAS,0,0,
EL AMOR NO TIENE REGLAS,TESSA BAILEY,ROMANCE,URANO,0,0,
EL AMOR Y LOS CLICHES,LYNN PAINTER,ROMANCE,PLANETA,0,0,
EL ARTE DE AHOGARSE,SARAH A. PARKER,FANTASIA,URANO,0,1,
EL ARTE DE SER NOSOTROS,INMA RUBIALES,ROMANCE,PLANETA,0,2,
EL AñO DE LA LANGOSTA,TERRY HAYES,THRILLER,PLANETA,0,0,
EL CANTO DE LOS AHOGADOS,KALIE CASSIDY,ROMANTASY,ZIG-ZAG,0,1,
EL COLOR DE LAS COSAS INVISIBLES,ANDREA LONGARELA,ROMANCE,PLANETAS,0,1,
EL CONVENTO,ALANA S. PORTERO,FICCION GENERAL,PLANETA,0,0,
EL CORAZON DEL REY,JENNIFER L. ARMENTROUT,ROMANTASY,URANO,0,0,
EL DIA QUE DEJO DE NEVAR EN ALASKA,ALICE KELLEN,ROMANCE,URANO,0,7,
EL FARO DE LOS AMORES DORMIDOS,ANDREA LONGARELA,ROMANCE,PLANETAS,0,0,
EL LOBO Y LA SERPIENTE,REBECCA ROBINSON,ROMANTASY,PLANETA,0,1,
EL MAGO DE OZ,L. FRANK BAUM,CLASICOS,ZIG-ZAG,0,0,
EL MISTERIO DE LA LAVANDERIA DE YEONNAM DONG,KIM JIYUN,FICCION GENERAL,PLANETA,0,8,
EL PAJARO Y EL CORAZON DE PIEDRA,CARISSA BROADBENT,ROMANTASY,PLANETA,0,1,
EL ESCLAVO (EL PRINCIPE CAUTIVO 1),C. S. PACAT,FANTASIA,URANO,0,1,
EL GUERRERO (EL PRINCIPE CAUTIVO 2),C. S. PACAT,FANTASIA,URANO,0,0,
EL REY (EL PRINCIPE CAUTIVO 3),C. S. PACAT,FANTASIA,URANO,0,0,
EL PROBLEMA DEL PARAISO,CHRISTINA LAUREN,ROMANCE,PLANETA,0,0,
EL RETORNO DE RACHEL PRICE,HOLLY JACKSON,THRILLER,PLANETA,0,1,
EL REY DE LA MASCARA OSCURA,JAVIERA VALENZUELA,ROMANTASY,PLANETA,0,0,
EL SECRETO DE LAS NUBES,ALYSON RICHMAN,HISTORICO,PLANETA,0,0,
EL SECRETO DEL RIO,SANDRA BARNEDA,FICCION GENERAL,PLANETA,0,0,
EL SEñOR NUMERO DESCONOCIDO,LYNN PAINTER,ROMANCE,URANO,0,1,
EL SOL TAMBIEN ES UNA ESTRELLA,NICOLA YOON,ROMANCE,PLANETA,0,0,
EL SUSURRO DE LAS ESTRELLAS,CRISTIN WILLIAMS,ROMANTASY,URANO,0,0,
EL VALS DE LA BRUJA,BELEN MARTINEZ,FANTASIA,URANO,0,0,
EL VERDUGO,PÄR LAGERKVIST,FICCION GENERAL,ANDRES BELLO,0,0,
EN LAS NUBES,LAURA CHICA,FICCION GENERAL,PLANETA,0,0,
EN LO MAS PROFUNDO,JENNIFER E. ARCHER,ROMANCE,PLANETA,0,1,
UN ENCANTAMIENTO FRAGIL,REBECCA ROSS,ROMANTASY,URANO,0,0,
ENTRE TU Y YO,NORA ROBERTS,ROMANCE,HARLEQUIN,0,0,
ERES EL AMOR DE MI OTRA VIDA,GILRAEN EÄRFALAS,ROMANCE,PLANETA,0,0,
ESCANDALO REAL,CAT SCHIELD,ROMANCE,HARLEQUIN,0,0,
PUNK 57,PENELOPE DOUGLAS,DARK ROMANCE,PLANETA,0,0,
ESCAPARATE NAVIDEñO,JENNY COLGAN,ROMANCE,VERGARA (PRH),0,0,
ESNOB,ELISABET BENAVENT,ROMANCE,SUMA,0,0,
ETEREO,JOANA MARCUS,ROMANCE,PLANETA,0,0,
FEARFUL,SARAH RIVENS,DARK ROMANCE,PLANETA,0,0,
FELICES PARA NUNCA,LYNN PAINTER,ROMANCE,URANO,0,0,
FINGE QUE ME QUIERES,ELENA ARMAS,ROMANCE,PLANETA,0,0,
FIVE BROTHERS,PENELOPE DOUGLAS,DARK ROMANCE,CHIC EDITORIAL,0,5,
FLAWLESS,ELSIE SILVER,ROMANCE,CHIC EDITORIAL,0,1,
LA FRAGILIDAD DE UN CORAZON BAJO LA LLUVIA,MARIA MARTINEZ,ROMANCE,PLANETA,0,1,
GAIJIN,MAXIMILIANO MATAYOSHI,HISTORICO,ODELIA EDITORA,0,0,
GENTE QUE CONOCEMOS EN VACACIONES,EMILY HENRY,ROMANCE,PLANETA,0,0,
"GIULIA, EL AMOR Y UN PUÑADO DE LAVANDA",CHERRY CHIC,ROMANCE,PLANETA,0,1,
GRIMM MORTAL,GENA SHOWALTER,ROMANTASY,HARLEQUIN,0,0,
GUARDIANA DE LIBROS,MADELINE MARTIN,HISTORICO,HARPERCOLLINS,0,0,
GUARDIANES. LOS CONDENADOS,BELEN CERECEDA,FANTASIA,URANO,0,7,
GUÍA DE BRUJAS PARA CITAS FALSAS CON UN DEMONIO,ASHLEY POSTON,ROMANCE,URANO,0,0,
HAS LLAMADO A SAM,DUSTIN THAO,ROMANCE,PLANETA,0,0,
HASTA QUE CAIGA LA LUNA,SARAH RIVENS,ROMANTASY,PENGUIN,0,5,
HASTA QUE NOS QUEDEMOS SIN ESTRELLAS,INMA RUBIALES,ROMANCE,PLANETA,0,1,
HECHICERA DE HUESOS,KATHRYN PURDIE,ROMANTASY,URANO,0,0,
HIDEAWAY,PENELOPE DOUGLAS,DARK ROMANCE,CHIC EDITORIAL,0,0,
HIJOS DORADOS,PATRICIA BARCENA,THRILLER,URANO,0,1,
LA HIPOTESIS DEL AMOR,ALI HAZELWOOD,ROMANCE,CONTRALUZ,0,0,
HOY SE LO DIGO,INMA RUBIALES,ROMANCE,PLANETA,0,0,
HUNDIDA,COLLEEN HOOVER,ROMANCE,PLANETA,0,0,
IDILICO,MIA VARINIA,DARK ROMANCE,INDEPENDIENTE,0,1,
INVOCACION,ST GIBSON,FANTASIA,URANO,0,4,
ISLA DE DIOSES,HANNAH KANER,FANTASIA,URANO,0,0,
LA ISLA DE LOS ANHELOS,SARAH JIO,ROMANCE,PLANETA,0,0,
JOSH Y HAZEL: GUIA PARA EL FRACASO AMOROSO,CHRISTINA LAUREN,ROMANCE,PLANETA,0,5,
JUEGO DE DOS,VI KEELAND,ROMANCE,CHIC EDITORIAL,0,0,
JUEGO DE REINAS,KATHARINE MCGEE,ROMANCE,URANO,0,1,
JULIETTE Y LAS CANCIONES,JANE FEATHER,HISTORICO,LIBROS DE SEDA,0,0,
JUNTOS EN LA HOGUERA,ISABEL IBAÑEZ,ROMANTASY,URANO,0,0,
KILLSWITCH,PENELOPE DOUGLAS,DARK ROMANCE,CHIC EDITORIAL,0,0,
LA ASESINA DEL REY,MELISSA BLAIR,ROMANTASY,PLANETA,0,0,
LA CHICA QUE OIA A LOS MUERTOS,ANNE GRIFFIN,FICCION GENERAL,URANO,0,0,
LA ECUACION DE AMOR,HELEN HOANG,ROMANCE,PLANETA,0,0,
LA FAN NUMERO 1,INMA RUBIALES,ROMANCE,PLANETA,0,0,
LA HIJA DEL RELOJERO,LARRY LOFTIS,HISTORICO,PLANETA,0,0,
LA HORA AZUL,ALFONSO GOIZUETA,HISTORICO,PLANETA,0,0,
LA LIBRERIA DE LADY DESTINO,GEORGIA SUMMERS,FANTASIA,URANO,0,0,
LA LIBRERIA DE LOS VIERNES,SAWAKO NATORI,FICCION GENERAL,ESPASA,0,0,
LA MAGIA DE LAS CASUALIDADES,MEGAN MAXWELL,ROMANCE,PLANETA,0,0,
LA MALDICION DE LA SANGRE,HANNAH KANER,FANTASIA,URANO,0,0,
LA MECANICA DEL AMOR,ALEXENE FAROL FOLLMUTH,ROMANCE,URANO,0,0,
LA NIñA SALVAJE,KRISTIN HANNAH,FICCION GENERAL,SUMA DE LETRAS,0,0,
LA NOVIA EQUIVOCADA,CATHARINA MAURA,ROMANCE,ESPASA,0,0,
LA PRINCESA ENCANTADA,DAWN BROWER,ROMANTASY,PLANETA,0,0,
LA QUIMICA DEL AMOR,ALI HAZELWOOD,ROMANCE,CONTRALUZ,0,0,
LA SONRISA DEL DEMONIO,TRACY WOLFF,ROMANTASY,PLANETA,0,0,
LA TEORIA DEL AMOR,ALI HAZELWOOD,ROMANCE,CONTRALUZ,0,0,
BESAME EN MITAD DE LA TORMENTA,SARAI MARTIN,ROMANCE,ZIG ZAG,0,1,
LA ULTIMA CARTA,PEDRO RUIZ,OTRO,PLANETA PUBLISHING CORPORATION,0,0,
LA ULTIMA CUENTISTA,DONNA BARBA HIGUERA,CIENCIA FICCION,CHRONICLE BOOKS,0,0,
LA ULTIMA VEZ QUE PIENSO EN TI,BLUE JEANS,THRILLER,PLANETA,0,0,
LADY MACBETH,AVA REID,HISTORICO,URANO,0,0,
LARGA VIDA AL REY,JENNIFER L. ARMENTROUT,ROMANTASY,URANO,0,0,
LAS CENIZAS Y EL REY MALDITO,CARISSA BROADBENT,ROMANTASY,PLANETA,0,1,
LAS COSAS MAS PRECIOSAS,REBECCA YARROS,ROMANCE,PLANETA,0,1,
LAS HERMANAS BLUE,COCO MELLORS,FICCION GENERAL,URANO,0,0,
LAS SIRENAS,EMILIA HART,FANTASIA,URANO,0,1,
LAYLA,COLLEEN HOOVER,ROMANCE,PLANETA,0,3,
LA LECTURA DEL VERANO,EMILY HENRY,ROMANCE,PLANETA,0,0,
LLEVAME A CUALQUIER LUGAR,ALICE KELLEN,ROMANCE,PLANETA,0,0,
LO QUE LA NIEVE SUSURRA AL CAER,MARIA MARTINEZ,ROMANCE,PLANETA,0,1,
LOS BRUJOS DEL FIN DEL MUNDO,MIGUEL FERRADA,FANTASIA,URANO,0,0,
LOS DOS AMORES DE MI VIDA,TAYLOR JENKINS REID,ROMANCE,URANO,0,0,
LOS JUEGOS DEL HAMBRE,SUZANNE COLLINS,DISTOPIA,MOLINO (RBA),0,0,
LOS SIETE MARIDOS DE EVELYN HUGO,TAYLOR JENKINS REID,FICCION GENERAL,URANO,0,0,
LOS ULTIMOS DIAS DE CLAYTON & CO,FRANCISCA HERAS,THRILLER,PLANETA,0,0,
MADAME BOVARY,GUSTAVE FLAUBERT,CLASICOS,ALIANZA,0,0,
MAGIA EN LA CALLE NAVIDAD,IVY PEMBROKE,ROMANCE,URANO,0,1,
UN MAPA DE TIERRAS EXTRAñAS,ALWYN HAMILTON,FANTASIA,PLANETA,0,0,
MAS QUE UNA POSIBILIDAD,MARIA MARTINEZ,ROMANCE,PLANETA,0,0,
MASCARA DE GATO,FRANCESCA ZAPPIA,FANTASIA,URANO,0,0,
MAXTON HALL,MONA KASTEN,ROMANCE,PLANETA,0,0,
MEDIUM,SILVIA ROSSI,THRILLER,AUTOPUBLICADO,0,0,
MEJOR QUE EN LAS PELICULAS,LYNN PAINTER,ROMANCE,URANO,0,0,
LA MELODIA DE LA MEMORIA,ALYSON RICHMAN,HISTORICO,PLANETA,0,0,
MENTIRAS A DOBLE FILO,CARISSA BROADBENT,ROMANTASY,URANO,0,0,
MENU PARA DOS,CASEY MCQUISTON,ROMANCE,MOLINO,0,0,
LA MESA DE LOS SOLTEROS,VI KEELAND,ROMANCE,CHIC EDITORIAL,0,0,
MI NOMBRE ES EMILIA DEL VALLE,LORENA PRONSKY,FICCION GENERAL,PLANETA,0,0,
MI QUERIDO RIVAL,ALEXANDRA MOODY,ROMANCE,ALFAGUARA IJC,0,0,
MIL RECUERDOS TUYOS,INMA RUBIALES,ROMANCE,PLANETA,0,0,
NADA COMO EN LAS PELICULAS,LYNN PAINTER,ROMANCE,URANO,0,0,
NADA DE ESTO ES VERDAD,LISA JEWELL,THRILLER,PLANETA,0,0,
NAVIDAD FUN,MEGAN MAXWELL,ROMANCE,PLANETA,0,0,
NEGOCIOS O PLACER,RACHEL LYNN SOLOMON,ROMANCE,URANO,0,0,
NIGHTFALL,PENELOPE DOUGLAS,DARK ROMANCE,CHIC EDITORIAL,0,0,
NO CONFIES EN ASHER HALL,J. S. LARK,THRILLER,CHIC EDITORIAL,0,0,
NO DEBERIAMOS,VI KEELAND,ROMANCE,CHIC EDITORIAL,0,0,
NO DEBIA SER ASI,INMA RUBIALES,ROMANCE,PLANETA,0,0,
NO ES AMOR,ALI HAZELWOOD,ROMANCE,CONTRALUZ,0,0,
NO ESTAS EN LA LISTA,ALISON ESPACH,FICCION GENERAL,V&R EDITORAS,0,0,
NOCHE DE CABALLEROS,ALEXENE FAROL FOLLMUTH,ROMANCE,URANO,0,0,
NOSOTROS EN LA LUNA,ALICE KELLEN,ROMANCE,PLANETA,0,0,
NOVA,REBECCA YARROS,ROMANCE,V&R EDITORAS,0,1,
NUESTRA DESQUICIADA HISTORIA DE AMOR,KANDI STEINER,ROMANCE,CHIC EDITORIAL,0,0,
NUESTRO LARGO ADIOS,MEGAN MAXWELL,ROMANCE,PLANETA,0,0,
NUESTRO LUGAR EN EL MUNDO,ALICE KELLEN,ROMANCE,PLANETA,0,0,
UN NUEVO ENGAÑO,CARMEN ARANDA,ROMANCE,AUTOPUBLICADO,0,0,
NUNCA OLVIDES QUE TE QUIERO,"NICHOLAS SPARKS, M. NIGHT SHYAMALAN",ROMANCE,ROCA EDITORIAL,0,0,
OJALA ESTA FUERA NUESTRA HISTORIA DE AMOR,ANDREA LONGARELA,ROMANCE,ESENCIA,0,0,
"OYE, DIABLA",JULIA DE LA FUENTE,ROMANTASY,URANO,0,1,
PABELLON 57,CARLOS BASSO,THRILLER,PLANETA,0,0,
UN PACTO ELECTRIZANTE,MEGHAN QUINN,ROMANCE,CHIC EDITORIAL,0,0,
PECADOR,SIERRA SIMONE,SPICY,CHIC EDITORIAL,0,0,
PERDIDO,DEVNEY PERRY,ROMANCE,CHIC EDITORIAL,0,0,
PESADILLA EN NAVIDAD,TIM BURTON,FANTASIA,PLANETA,0,0,
PRIMER AMOR,IVAN TURGUENEV,CLASICOS,ALIANZA,0,0,
PROMESAS OSCURAS,CHRISTINE FEEHAN,ROMANTASY,URANO,0,0,
PUCKING AROUND,EMILY RATH,SPICY,CHIC EDITORIAL,0,0,
QUE ENTIERREN NUESTROS HUESOS EN LA MEDIANOCHE,V. E. SCHWAB,FANTASIA,URANO,0,0,
QUEDARA EL AMOR,ALICE KELLEN,ROMANCE,PLANETA,0,0,
QUERIDO VECINO,PENELOPE WARD,ROMANCE,URANO,0,1,
QUIZAS EN OTRA VIDA,TAYLOR JENKINS REID,ROMANCE,URANO,0,0,
"RECUERDAME, ALICE",MARTA SANTES,ROMANCE,URANO,0,0,
REINA DEL ESTIO,CARMEN ROMERO LORENZO,FANTASIA,URANO,0,1,
REY DE LA CODICIA,ANA HUANG,ROMANCE,PLANETA,0,0,
REY DE LA DESIDIA,ANA HUANG,ROMANCE,PLANETA,0,0,
REY DE LA IRA,ANA HUANG,ROMANCE,PLANETA,0,0,
REY DE LA SOBERBIA,ANA HUANG,ROMANCE,PLANETA,0,0,
ROMPER EL CIRCULO,COLLEEN HOOVER,ROMANCE,PLANETA,0,0,
UNA ROSA MALDITA,REBECCA ZANETTI,DARK ROMANCE,URANO,0,2,
ROSE IN CHAINS,SARAH RIVENS,ROMANTASY,PLANETA,0,2,
SAY YOU SWEAR,MEAGAN BRANDY,ROMANCE,CHIC EDITORIAL,0,0,
SECRETO,L. J. SHEN,ROMANCE,CHIC EDITORIAL,0,0,
EL SECRETO DE SU MENTE,MARIE BENEDICT,HISTORICO,PLANETA,0,0,
LOS SECRETOS DEL HOTEL JARDIN DE ODETTE,BRUNO PUELES,THRILLER,URANO,0,0,
SEIS GRULLAS,ELIZABETH LIM,FANTASIA,PLANETA,0,0,
SEIS LITROS PROMEDIO,J. S. LARK,THRILLER,CHIC EDITORIAL,0,0,
LA SERPIENTE Y LAS ALAS DE LA NOCHE,CARISSA BROADBENT,ROMANTASY,PLANETA,0,0,
SI FUERAMOS ETERNOS,EMMA GIL,ROMANCE,MARTINEZ ROCA,0,0,
SIEMBRA NEGRA,JESUS DIAMANTINO,TERROR Y HORROR,URANO,0,3,
SIEMPRE FUISTE TU,MADELINE BAKER,ROMANCE,HARLEQUIN,0,0,
SIGHT UNSEEN,ALEXIS MARIE,ROMANTASY,PLANETA,0,1,
UNA SONATA DE VERANO,JULIA QUINN,HISTORICO,URANO,0,0,
SONO UN VIOLIN EN PARIS,MARIA REIG,HISTORICO,ESPASA,0,0,
SPIRAL,BAL KHABRA,ROMANCE,VERA ROMANTICA,0,0,
TE ODIO CON AMOR,JO WATSON,ROMANCE,LIBROS DE SEDA,0,0,
TE RECETO UN GATO,SYOU ISHIDA,FICCION GENERAL,DUOMO EDICIONES,0,0,
TEORIA KIM,INMA RUBIALES,ROMANCE,PLANETA,0,0,
TERAPIA PARA LLEVAR,ANA PEREZ,OTRO,MONTENA,0,0,
THE DEFENDER,ANA HUANG,ROMANCE,PLANETA,0,0,
THE LUCKY ONES,LIZ LAWSON,THRILLER,DELACORTE PRESS,0,0,
THE STRIKER,ANA HUANG,ROMANCE,PLANETA,0,0,
THIS IS OUR TIME,TREVIN WAX,OTRO,BH PUBLISHING GROUP,0,0,
TODOS NUESTROS RECUERDOS,MELISSA WIESNER,ROMANCE,URANO,0,0,
TRAS LA NOCHE,LINDA HOWARD,THRILLER,HARLEQUIN,0,0,
TRAS LA PUERTA,J. D. BARKER,THRILLER,DESTINO (PLANETA),0,0,
TREN BALA,KŌTARŌ ISAKA,THRILLER,PLANETA,0,0,
TRONO DE LOS CAIDOS,KERRI MANISCALCO,ROMANTASY,URANO,0,1,
TRONO DE MONSTRUOS,KERRI MANISCALCO,ROMANTASY,URANO,0,0,
EL TRONO DEL PRISIONERO,HOLLY BLACK,FANTASIA,URANO,0,0,
TU,CAROLINE KEPNES,THRILLER,PLANETA,0,0,
TU ENEMIGA SECRETA,SARAH ADAMS,ROMANCE,CHIC EDITORIAL,0,0,
TU Y OTROS DESASTRES NATURALES,MARIA MARTINEZ,FICCION GENERAL,PLANETA,0,0,
TWISTED GAMES,ANA HUANG,ROMANCE,PLANETA,0,0,
TWISTED HATE,ANA HUANG,ROMANCE,PLANETA,0,0,
TWISTED LIES,ANA HUANG,ROMANCE,PLANETA,0,0,
TWISTED LOVE,ANA HUANG,ROMANCE,PLANETA,0,0,
UGLY LOVE,COLLEEN HOOVER,ROMANCE,PLANETA,0,0,
UN MAR SIN ESTRELLAS,ERIN MORGENSTERN,FICCION GENERAL,PLANETA,0,0,
UN PASE AL CORAZON,MEGHAN QUINN,ROMANCE,CHIC EDITORIAL,0,0,
UN SEGUNDO PARA AMAR,MARIA MARTINEZ,ROMANCE,PLANETA,0,0,
UN VERANO EN EL CAMPAMENTO,JENNY COLGAN,ROMANCE,VERGARA (PRH),0,0,
UN VERANO EN NUEVA YORK,SARAH MORGAN,ROMANCE,HARLEQUIN,0,0,
UNA CANCION SALVAJE,VICTORIA SCHWAB,FICCION GENERAL,PLANETA,0,0,
UNA CATASTROFICA VISITA AL ZOO,INMA RUBIALES,ROMANCE,PLANETA,0,0,
UNA CITA EN EL INFIERNO,SARAH RIVENS,DARK ROMANCE,PLANETA,0,0,
UNA CORTE DE ROSAS Y ESPINAS,SARAH J. MAAS,ROMANTASY,PLANETA,0,1,
UNA DE LOS SUYOS,ROSE L. MCCARNEY,DARK ROMANCE,URANO,0,0,
UNA HISTORIA DIVERTIDA,EMILY HENRY,FICCION GENERAL,PLANETA,0,0,
UNA LUNA SIN MIEL,CHRISTINA LAUREN,FICCION GENERAL,PLANETA,0,0,
UNA NUEVA OPORTUNIDAD,COLLEEN HOOVER,FICCION GENERAL,PLANETA,0,0,
UNA PROMESA DE CIEN AñOS,SARAH JIO,ROMANCE,PLANETA,0,0,
UNA PUERTA EN LA SOMBRA,ALICIA ACOSTA,FANTASIA,ZIG-ZAG,0,0,
VERITY,COLLEEN HOOVER,THRILLER,PLANETA,0,1,
VUELVE EN ENERO,JOANA MARCUS,ROMANCE,PLANETA,0,0,
WILDER,REBECCA YARROS,ROMANCE,PLANETA,0,0,
"YO EN TU CASA, TU EN LA MIA",BETH O'LEARY,ROMANCE,PLANETA,0,0,
"TU, YO Y EL SUPER BOWL",TRACY WOLFF,ROMANCE,PLANETA,0,4,
LA SEGUNDA MUERTE DE LOCKE,MARINA TENA TENA,FANTASIA,URANO,0,0,
CUENTOS VICTORIANOS DE FANTASMAS PARA NAVIDAD,VARIOS AUTORES,TERROR Y HORROR,PLANETA,0,0,
NO ERES MI ALMA GEMELA,ELENA ARMAS,FICCION GENERAL,PLANETA,0,0,
JUEGO DE DOS,ALI HAZELWOOD,ROMANCE,CONTRALUZ,0,1,
ALFA,ALI HAZELWOOD,ROMANTASY,ALI HAZELWOOD,0,2,
HIJA DE NINGUN MUNDO,CARISSA BROADBENT,ROMANTASY,PLANETA,0,4,
SCYTHE AND SPARROW,BRYNNE WEAVER,DARK ROMANCE,ZIG ZAG,0,0,
LA MARCA DEL DRAGON,ARTHYFICE,ROMANTASY,TRAYECTO,0,2,
TODAS LAS HISTORIAS LLEVAN TU NOMBRE,ANDREA LONGARELA,ROMANCE,PLANETA,0,1,
METAL SLINGER,RACHEL SCHNEIDER,ROMANTASY,PLANETA,0,1,
NOVIA,ALI HAZELWOOD,ROMANTASY,ZIG ZAG,0,3,
TODOS LOS DEMONIOS DEL CIELO,MIRIAM MOSQUERA,ROMANTASY,ZIG ZAG,0,1,
TODOS LOS ANGELES DEL INFIERNO,MIRIAM MOSQUERA,ROMANTASY,ZIG ZAG,0,3,
UNA VIDA MARAVILLOSA,EMILY HENRY,ROMANCE,URANO,0,1,
MIS LUNES CON AROMA A MATCHA,MICHIKO AOYAMA,HEALINH FICTION,PLANETA,0,8,
FURIA,TRACY WOLFF,ROMANTASY,PLANETA,0,6,
EL GUARDIAN DE ESPADAS,CASSANDRA CLARE,FANTASIA,PLANETA,0,5,
UN AMIGO GRATIS,INMA RUBIALES,ROMANCE,PLANETA,0,1,
LEGACY: DONDE TODO COMIENZA,REBECCA YARROS,ROMANCE,PLANETA,0,2,
CAIDA LIBRE,ALI HAZELWOOD,ROMANCE,ZIG ZAG,0,1,
CIEN DESAFIOS,NATALIE MAR,ROMANCE,AUTOPUBLICADO,0,3,
SHANGAI INMORTAL,A.Y CHAO,ROMANTASY,MINOTAURO,0,3,
LA CHICA DE MIS SUEÑOS,TESSA BAILEY,ROMANCE,URANO,0,2,
UNA CORTE DE ALAS Y RUINA ,SARAH J. MAAS,ROMANTASY,BOOKET,0,1,
QUICKSILVER,CALLIE HART,ROMANTASY,ZIG ZAG,0,1,
REY ENTRE SOMBRAS,MELISSA LANDERS,ROMANTASY,MINOTAURO,0,2,tapa dura
ELITE PLATEADA,DANI FRANCIS,FANTASIA DISTOPICA,ZIG ZAG,0,1,
ALAS DE SANGRE,REBECCA YARROS,ROMANTASY,PLANETA,0,1,
ORGULLO Y PREJUICIO,JANE AUSTEN,CLASICOS,ALMA PANORAMA,0,1,tapa dura
¿QUE SE SIENTE?,JENEANE O'RILEY,ROMANTASY,ZIG ZAG,0,1,
UN TRATO CON EL REY DE LOS ELFOS ,ELISE KOVA,ROMANTASY,URANO,0,1,
CREEDENCE,PENELOPE DOUGLAS,DARK ROMANCE,PLANETA,0,1,
UN PODER DESATADO,FREYA MARSKE,FANTASIA,V&R EDITORAS,0,1,
LA REINA,JENNIFER ARMENTROU,ROMANTASY,URANO,0,1,
EL CLUB DEL OLVIDO,ALICE KELLEN,ROMANCE,PLANETA,0,1,
DONDE HABITAN LAS SIRENAS,MARIA MARTINEZ,ROMANCE,PLANETA,0,1,
ANTES DE IRME,TILLIE COLE,ROMANCE,PLANETA,0,10,
FELICES PARA SIEMPRE,LYNN PAINTER,ROMANCE,URANO,0,1,
TRIADA: AUNQUE EL INFIERNO ME CONSUMA,CAROL S. BROWN,DARK ROMANCE,ZIG ZAG,0,1,
PELIGRO,ST ABBY,DARK ROMANCE,ZIG ZAG,0,0,
PERDIENDO EL CONTROL,LIZ TOMFORDE,ROMANCE,MONTENA,0,1,
SIGUIENDO EL JUEGO,LIZ TOMFORDE,ROMANCE,MONTENA,0,0,
JUGANDO FUERTE,LIZ TOMFORDE,ROMANCE,MONTENA,0,0,
"ABRAZAME, QUE NO TE QUIERO",IRENE FERB,ROMANCE,ZIG ZAG,0,1,
LA CASA DE LOS ALETEOS,OLIVIA WILDENSTEIN,ROMANTASY,ZIG ZAG,0,1,
"TU SANGRE, MIS HUESOS",KELLY ANDREW,ROMANTASY,URANO ,0,1,
EL PERFUME DEL REY,KARINE BERNAL,ROMANTASY,PLANETA,0,1,
SANGRE DE DRAGON,BRIAR BOLEYN,ROMANTASY,PLANETA,0,1,
BLACK BIRD ACADEMY: MUERTE A LA OSCURIDAD,STELLA TACK,ROMANTASY,ZIG ZAG,0,0,tapa dura
UNA CORTE DE ALAS Y RUINA ,SARAH J. MAAS,ROMANTASY,PLANETA,0,1,tapa dura
PARAISO PERVERSO,MAR PETRYK,DARK ROMANCE,PLANETA,0,1,
UN AMOR DE NOVELA,ASHLEY POSTON,ROMANCE,URANO ,0,9,
CUANDO TE ATREVAS A SENTIR,TAMARA MOLINA,ROMANCE,ZIG ZAG,0,1,
ECHAR EL LAZO,LYLA SAGE,ROMANCE,URANO ,0,1,
TE ENCUENTRO EN EL TIEMPO,ROSE MERINO,ROMANCE,AUTOPUBLICADO,0,1,
ENTRE CENIZAS ROJAS,MAR PETRYK,ROMANCE,PLANETA,0,1,
CRIATURAS DESPIADADAS,J.T GEISSINGER,DARK ROMANCE,URANO,0,1,
SINNERS ANONYMOUS,SOMME SKETCHER,DARK ROMANCE,ZIG ZAG,0,1,
EL SONIDO DEL AMOR,ASHLEY POSTON,ROMANCE,URANO ,0,1,
LA MANSION DE RAYNE,HARLEY LAROUX,DARK ROMANCE,URANO ,0,1,
LO FRAGIL Y LO ETERNO,BRUNO PUELLES,FANTASIA,URANO,0,1,
SKATE INTO ME,MORINA ESTRINGANA,ROMANCE,ZIG ZAG,0,1,
UNA INFINIDAD DE SUEÑOS,MARA RUTHERFORD,ROMANTASY,ZIG ZAG,0,1,
"TU, YO Y NUESTRA COSTUMBRENDE ENREDAR LAS COSAS",NEREA CABALEIRO,ROMANCE,ZIG ZAG,0,1,
ESCUDO DE GORRIONES,DEVNEY PERRY,ROMANTASY,V&R EDITORAS,0,1,
RAZIEL,MAXIMILIANO AYLWIN,FANTASIA,AUTOPUBLICADO,0,1,
KHAOS,CHANYS A. WILSON,FANTASIA,AUTOPUBLICADO,0,1,
UN LUGAR FELIZ,EMILY HENRY,ROMANCE,URANO,0,1,
SUNRISE: EL ULTIMO AMANECER,ANNA TODD,ROMANCE,PLANETA,0,1,
UN BESO OSCURO,REBECCA ZANETTI,DARK ROMANCE,URANO,0,2,
LOS AMANTES DE PRAGA,ALYSON RICHMANN,HISTORICO,PLANETA,0,1,
NO ME LLAMES LOCA,GILRAEN EARFALAS,THRILLER,PLANETA,0,1,
VIAJANDO CON MEGAN MAXWELL,MEGAN MAXWELL,ROMANCE,PLANETA,0,1,
AMOR FUERA DE SERIE,NEREA PASCUAL,ROMANCE,PLANETA,0,0,
BLOOM,KEVIM PANETTA,,PLANETA,0,0,
TE RECETO OTRO GATO,SYOU ISHIDA,HEALING FICTION,PLANETA,0,4,
EL SECRETO DE LA NIÑERA,SIDONIE BONNEC,THRILLER,PLANETA,0,15,
CASA DE CORAZONES,SKYLA ARDNT,ROMANTASY,V&R EDITORAS,0,5,
NIGHTSHADE,AUTUMN WOODS,ROMANCE,PLANETA,0,12,
PUNK 57,PENELOPE DOUGLAS,DARK ROMANCE,PLANETA,0,10,
EL COLECCIONISTA DE HISTORIAS,ALYSON RICHMAN,HISTORICO,PLANETA,0,10,
SI FUERAMOS ETERNOS,EMMA GIL,ROMANCE,PLANETA,0,5,
HUNDIDA,COLLEN HOOVER,ROMANCE,PLANETA,0,2,
LA TEORIA DEL ODIO,IÑIGO AGUAS,ROMANCE,PLANETA,0,2,
EL FARO DE LOS AMORES DORMIDOS,ANDREA LONGARELA,ROMANCE,PLANETA,0,2,
REVOLVE,BAL KHABRA,ROMANCE,V&R EDITORAS,0,5,