titulo,autor
LA ETERNIDAD NO ES PARA SIEMPRE,J. C. CERVANTES
9 DE NOVIEMBRE,COLLEEN HOOVER
A LA SOMBRA DEL ARCOIRIS,ELENA CASTILLO CASTRO
LA TRAICION DE LOS CISNES,A.B. PORANEK
"ADIOS, PARIS",ANSTEY HARRIS
AGUAS OSCURAS,ROBERT BRYNDZA
ALAS DE ESTRELLA,"DISNEY, ALLISON SAFT"
ALAS DE ONIX,REBECCA YARROS
ALICIA EN EL PAIS DE LAS IDEAS,ROGER-POL DROIT
ALIENTO DE LAS LLAMAS,CLEMENTINE RIVERA
AMANECER DE ONYX,KATE GOLDEN
AMANECER EN LA COSECHA,SUZANNE COLLINS
AMOR ANIMAL,LANA FERGUS9N
EL AMOR DERRIBA MUROS,REBECCA JENSHAK
AMOR EN PRESTAMO,EMILY HENRY
"ANDE, ANDE, ANDE, LA MARI MORENA",M. J. SANCHEZ
ANTES DE VERTE,EMILY HOUGHTON
APRENDIZ DEL VILLANO,HANNAH NICOLE MAEHRER
APUESTO POR NOSOTROS,LYNN PAINTER
ASALTO MEDICI,MARINA TENA TENA
ASESINA DE DIOSES,HANNAH KANER
ASISTENTE DEL VILLANO,HANNAH NICOLE MAEHRER
ATMOSPHERE,CHARLES SOULE
ATRAPADA EN VACACIONES,CHRISTINA LAUREN
LA BELLA Y LA BESTIA,JEANNE-MARIE LEPRINCE DE BEAUMONT)
BESTIARIO,JULIO CORTAZAR
BETTER,CARRIE ELKS
BIENVENIDOS A LA LIBRERIA HYUNAM-DONG,SATOSHI YAGISAWA
BIRTHDAY GIRL,PENELOPE DOUGLAS
Butcher,KEVIN PANETTA
BLUEBELLS,S. M. SOTO
BOSS,EVA MUÑOZ
BUTCHER,SELENE M.
BUTCHER AND BLACKBIRD,BRYNNE WEAVER
EL BUZON DE LAS IMPURAS,FRANCISCA SOLAR
CADENAS DEL REY,JENNIFER L. ARMENTROUT
CANTO DE TORMENTOS,BRAIDEE OTTO
CAPTIVE,SARAH RIVENS
CARTAS DE OTRO MUNDO,EMILY J. TAYLOR
"CHARLIE, EL AMOR Y LOS CLICHES",ELLA MAISE
CIUDAD DE POLVO DE ESTRELLAS,GEORGIA SUMMERS
COLLIDE,BAL KHABRA
CONFESIONES,SAN AGUSTIN DE HIPONA
CORAZON ROTO,MARIA MARTINEZ
CORAZON AGRIDULCE,H. HUNTING
CORRUPT,PENELOPE DOUGLAS
CORTAR EL VIENTO,LYLA SAGE
UN CRUCIGRAMA Y UN CAFÉ,LORETA M.
CRUZAR LA LINEA,COLLEEN HOOVER
CUANDO DESPIERTEN LAS FLORES,ANDREA LONGARELA
CUANDO EL CIELO SE VUELVA AMARILLO,NEREA PASCUAL
CUANDO HARU ESTUVO AQUI,DUSTIN THAO
CUANDO NO QUEDEN MAS ESTRELLAS QUE CONTAR,MARIA MARTINEZ
CUANDO SEAS MIA,ABBI GLINES
DE RODILLAS,J. KENNER
DE SANGRE Y CENIZAS,JENNIFER L. ARMENTROUT
DEL ODIO AL AMOR,ALI HAZELWOOD
UN DELIRIO ENCANTADOR,SHEA ERNSHAW
DESEOS PELIGROSOS,TAYLOR HUTTON
DESPUES DEL OCEANO,BELEN MARTINEZ
DESTRUCTORA DE REINOS,VICTORIA AVEYARD
DETONANTE,MAR PETRYK
DIANA IN LOVE,SHANA FESTE Y JEN BESSER
DIOSES DE JADE Y SOMBRA,SILVIA MORENO-GARCIA
DIOSES INDOMABLES,HANNAH KANER
DIRTY DIANA,CHARLENE DIANE MITCHELL
DONDE MORA LA OSCURIDAD,A.B. PORANEK
DOS VIDAS PARA CRECER,KRISTINA MONINGER
DULCE PESADILLA,TRACY WOLFF
LA ECUACION DE LAS ALMAS GEMELAS,CHRISTINA LAUREN
EL AMOR NO TIENE REGLAS,TESSA BAILEY
EL AMOR Y LOS CLICHES,LYNN PAINTER
EL ARTE DE AHOGARSE,SARAH A. PARKER
EL ARTE DE SER NOSOTROS,INMA RUBIALES
EL AñO DE LA LANGOSTA,TERRY HAYES
EL CANTO DE LOS AHOGADOS,KALIE CASSIDY
EL COLOR DE LAS COSAS INVISIBLES,ANDREA LONGARELA
EL CONVENTO,ALANA S. PORTERO
EL CORAZON DEL REY,JENNIFER L. ARMENTROUT
EL DIA QUE DEJO DE NEVAR EN ALASKA,ALICE KELLEN
EL FARO DE LOS AMORES DORMIDOS,ANDREA LONGARELA
EL LOBO Y LA SERPIENTE,REBECCA ROBINSON
EL MAGO DE OZ,L. FRANK BAUM
EL MISTERIO DE LA LAVANDERIA DE YEONNAM DONG,KIM JIYUN
EL PAJARO Y EL CORAZON DE PIEDRA,CARISSA BROADBENT
EL PRINCIPE CAUTIVO,C. S. PACAT
EL PROBLEMA DEL PARAISO,CHRISTINA LAUREN
EL RETORNO DE RACHEL PRICE,HOLLY JACKSON
EL REY DE LA MASCARA OSCURA,JAVIERA VALENZUELA
EL SECRETO DE LAS NUBES,ALYSON RICHMAN
EL SECRETO DEL RIO,SANDRA BARNEDA
EL SEñOR NUMERO DESCONOCIDO,LYNN PAINTER
EL SOL TAMBIEN ES UNA ESTRELLA,NICOLA YOON
EL SUSURRO DE LAS ESTRELLAS,CRISTIN WILLIAMS
EL VALS DE LA BRUJA,BELEN MARTINEZ
EL VERDUGO,PÄR LAGERKVIST
EN LAS NUBES,LAURA CHICA
EN LO MAS PROFUNDO,JENNIFER E. ARCHER
UN ENCANTAMIENTO FRAGIL,REBECCA ROSS
ENTRE TU Y YO,NORA ROBERTS
ERES EL AMOR DE MI OTRA VIDA,GILRAEN EÄRFALAS
ESCANDALO REAL,CAT SCHIELD
PUNK 57,PENELOPE DOUGLAS
ESCAPARATE NAVIDEñO,JENNY COLGAN
ESNOB,ELISABET BENAVENT
ETEREO,JOANA MARCUS
FEARFUL,SARAH RIVENS
FELICES PARA NUNCA,LYNN PAINTER
FINGE QUE ME QUIERES,ELENA ARMAS
FIVE BROTHERS,PENELOPE DOUGLAS
FLAWLESS,ELSIE SILVER
LA FRAGILIDAD DE UN CORAZON BAJO LA LLUVIA,MARIA MARTINEZ
GAIJIN,MAXIMILIANO MATAYOSHI
GENTE QUE CONOCEMOS EN VACACIONES,EMILY HENRY
"GIULIA, EL AMOR Y UN PUÑADO DE LAVANDA",CHERRY CHIC
GRIMM MORTAL,GENA SHOWALTER
GUARDIANA DE LIBROS,MADELINE MARTIN
GUARDIANES. LOS CONDENADOS,BELEN CERECEDA
GUÍA DE BRUJAS PARA CITAS FALSAS CON UN DEMONIO,ASHLEY POSTON
HAS LLAMADO A SAM,DUSTIN THAO
HASTA QUE CAIGA LA LUNA,SARAH RIVENS
HASTA QUE NOS QUEDEMOS SIN ESTRELLAS,INMA RUBIALES
HECHICERA DE HUESOS,KATHRYN PURDIE
HIDEAWAY,PENELOPE DOUGLAS
HIJOS DORADOS,PATRICIA BARCENA
LA HIPOTESIS DEL AMOR,ALI HAZELWOOD
HOY SE LO DIGO,INMA RUBIALES
HUNDIDA,COLLEEN HOOVER
IDILICO,MIA VARINIA
INVOCACION,ST GIBSON
ISLA DE DIOSES,HANNAH KANER
LA ISLA DE LOS ANHELOS,SARAH JIO
JOSH Y HAZEL: GUIA PARA EL FRACASO AMOROSO,CHRISTINA LAUREN
JUEGO DE DOS,VI KEELAND
JUEGO DE REINAS,KATHARINE MCGEE
JULIETTE Y LAS CANCIONES,JANE FEATHER
JUNTOS EN LA HOGUERA,ISABEL IBAÑEZ
KILLSWITCH,PENELOPE DOUGLAS
LA ASESINA DEL REY,MELISSA BLAIR
LA CHICA QUE OIA A LOS MUERTOS,ANNE GRIFFIN
LA ECUACION DE AMOR,HELEN HOANG
LA FAN NUMERO 1,INMA RUBIALES
LA HIJA DEL RELOJERO,LARRY LOFTIS
LA HORA AZUL,ALFONSO GOIZUETA
LA LIBRERIA DE LADY DESTINO,GEORGIA SUMMERS
LA LIBRERIA DE LOS VIERNES,SAWAKO NATORI
LA MAGIA DE LAS CASUALIDADES,MEGAN MAXWELL
LA MALDICION DE LA SANGRE,HANNAH KANER
LA MECANICA DEL AMOR,ALEXENE FAROL FOLLMUTH
LA NIñA SALVAJE,KRISTIN HANNAH
LA NOVIA EQUIVOCADA,CATHARINA MAURA
LA PRINCESA ENCANTADA,DAWN BROWER
LA QUIMICA DEL AMOR,ALI HAZELWOOD
LA SONRISA DEL DEMONIO,TRACY WOLFF
LA TEORIA DEL AMOR,ALI HAZELWOOD
BESAME EN MITAD DE LA TORMENTA,SARAI MARTIN
LA ULTIMA CARTA,PEDRO RUIZ
LA ULTIMA CUENTISTA,DONNA BARBA HIGUERA
LA ULTIMA VEZ QUE PIENSO EN TI,BLUE JEANS
LADY MACBETH,AVA REID
LARGA VIDA AL REY,JENNIFER L. ARMENTROUT
LAS CENIZAS Y EL REY MALDITO,CARISSA BROADBENT
LAS COSAS MAS PRECIOSAS,REBECCA YARROS
LAS HERMANAS BLUE,COCO MELLORS
LAS SIRENAS,EMILIA HART
LAYLA,COLLEEN HOOVER
LA LECTURA DE VERANO,EMILY HENRY
LLEVAME A CUALQUIER LUGAR,ALICE KELLEN
LO QUE LA NIEVE SUSURRA AL CAER,MARIA MARTINEZ
LOS BRUJOS DEL FIN DEL MUNDO,MIGUEL FERRADA
LOS DOS AMORES DE MI VIDA,TAYLOR JENKINS REID
LOS JUEGOS DEL HAMBRE,SUZANNE COLLINS
LOS SIETE MARIDOS DE EVELYN HUGO,TAYLOR JENKINS REID
LOS ULTIMOS DIAS DE CLAYTON & CO,FRANCISCA HERAS
MADAME BOVARY,GUSTAVE FLAUBERT
MAGIA EN LA CALLE NAVIDAD,IVY PEMBROKE
UN MAPA DE TIERRAS EXTRAñAS,ALWYN HAMILTON
MAS QUE UNA POSIBILIDAD,MARIA MARTINEZ
MASCARA DE GATO,FRANCESCA ZAPPIA
MAXTON HALL,MONA KASTEN
MEDIUM,SILVIA ROSSI
MEJOR QUE EN LAS PELICULAS,LYNN PAINTER
LA MELODIA DE LA MEMORIA,ALYSON RICHMAN
MENTIRAS A DOBLE FILO,CARISSA BROADBENT
MENU PARA DOS,CASEY MCQUISTON
LA MESA DE LOS SOLTEROS,VI KEELAND
MI NOMBRE ES EMILIA DEL VALLE,LORENA PRONSKY
MI QUERIDO RIVAL,ALEXANDRA MOODY
MIL RECUERDOS TUYOS,INMA RUBIALES
NADA COMO EN LAS PELICULAS,LYNN PAINTER
NADA DE ESTO ES VERDAD,LISA JEWELL
NAVIDAD FUN,MEGAN MAXWELL
NEGOCIOS O PLACER,RACHEL LYNN SOLOMON
NIGHTFALL,PENELOPE DOUGLAS
NO CONFIES EN ASHER HALL,J. S. LARK
NO DEBERIAMOS,VI KEELAND
NO DEBIA SER ASI,INMA RUBIALES
NO ES AMOR,ALI HAZELWOOD
NO ESTAS EN LA LISTA,ALISON ESPACH
NOCHE DE CABALLEROS,ALEXENE FAROL FOLLMUTH
NOSOTROS EN LA LUNA,ALICE KELLEN
NOVA,REBECCA YARROS
NUESTRA DESQUICIADA HISTORIA DE AMOR,KANDI STEINER
NUESTRO LARGO ADIOS,MEGAN MAXWELL
NUESTRO LUGAR EN EL MUNDO,ALICE KELLEN
UN NUEVO ENGAÑO,CARMEN ARANDA
NUNCA OLVIDES QUE TE QUIERO,"NICHOLAS SPARKS, M. NIGHT SHYAMALAN"
OJALA ESTA FUERA NUESTRA HISTORIA DE AMOR,ANDREA LONGARELA
"OYE, DIABLA",JULIA DE LA FUENTE
PABELLON 57,CARLOS BASSO
UN PACTO ELECTRIZANTE,MEGHAN QUINN
PECADOR,SIERRA SIMONE
PERDIDO,DEVNEY PERRY
PESADILLA EN NAVIDAD,TIM BURTON
PRIMER AMOR,IVAN TURGUENEV
PROMESAS OSCURAS,CHRISTINE FEEHAN
PUCKING AROUND,EMILY RATH
QUE ENTIERREN NUESTROS HUESOS EN LA MEDIANOCHE,V. E. SCHWAB
QUEDARA EL AMOR,ALICE KELLEN
QUERIDO VECINO,PENELOPE WARD
QUIZAS EN OTRA VIDA,TAYLOR JENKINS REID
"RECUERDAME, ALICE",MARTA SANTES
REINA DEL ESTIO,CARMEN ROMERO LORENZO
REY DE LA CODICIA,ANA HUANG
REY DE LA DESIDIA,ANA HUANG
REY DE LA IRA,ANA HUANG
REY DE LA SOBERBIA,ANA HUANG
ROMPER EL CIRCULO,COLLEEN HOOVER
UNA ROSA MALDITA,REBECCA ZANETTI
ROSE IN CHAINS,SARAH RIVENS
SAY YOU SWEAR,MEAGAN BRANDY
SECRETO,L. J. SHEN
EL SECRETO DE SU MENTE,MARIE BENEDICT
LOS SECRETOS DEL HOTEL JARDIN DE ODETTE,BRUNO PUELES
SEIS GRULLAS,ELIZABETH LIM
SEIS LITROS PROMEDIO,J. S. LARK
LA SERPIENTE Y LAS ALAS DE LA NOCHE,CARISSA BROADBENT
SI FUERAMOS ETERNOS,EMMA GIL
SIEMBRA NEGRA,JESUS DIAMANTINO
SIEMPRE FUISTE TU,MADELINE BAKER
SIGHT UNSEEN,ALEXIS MARIE
UNA SONATA DE VERANO,JULIA QUINN
SONO UN VIOLIN EN PARIS,MARIA REIG
SPIRAL,BAL KHABRA
TE ODIO CON AMOR,JO WATSON
TE RECETO UN GATO,SYOU ISHIDA
TEORIA KIM,INMA RUBIALES
TERAPIA PARA LLEVAR,ANA PEREZ
THE DEFENDER,ANA HUANG
THE LUCKY ONES,LIZ LAWSON
THE STRIKER,ANA HUANG
THIS IS OUR TIME,TREVIN WAX
TODOS NUESTROS RECUERDOS,MELISSA WIESNER
TRAS LA NOCHE,LINDA HOWARD
TRAS LA PUERTA,J. D. BARKER
TREN BALA,KŌTARŌ ISAKA
TRONO DE LOS CAIDOS,KERRI MANISCALCO
TRONO DE MONSTRUOS,KERRI MANISCALCO
EL TRONO DEL PRISIONERO,HOLLY BLACK
TU,CAROLINE KEPNES
TU ENEMIGA SECRETA,SARAH ADAMS
TU Y OTROS DESASTRES NATURALES,MARIA MARTINEZ
TWISTED GAMES,ANA HUANG
TWISTED HATE,ANA HUANG
TWISTED LIES,ANA HUANG
TWISTED LOVE,ANA HUANG
UGLY LOVE,COLLEEN HOOVER
UN MAR SIN ESTRELLAS,ERIN MORGENSTERN
UN PASE AL CORAZON,MEGHAN QUINN
UN SEGUNDO PARA AMAR,MARIA MARTINEZ
UN VERANO EN EL CAMPAMENTO,JENNY COLGAN
UN VERANO EN NUEVA YORK,SARAH MORGAN
UNA CANCION SALVAJE,VICTORIA SCHWAB
UNA CATASTROFICA VISITA AL ZOO,INMA RUBIALES
UNA CITA EN EL INFIERNO,SARAH RIVENS
UNA CORTE DE ROSAS Y ESPINAS,SARAH J. MAAS
UNA DE LOS SUYOS,ROSE L. MCCARNEY
UNA HISTORIA DIVERTIDA,EMILY HENRY
UNA LUNA SIN MIEL,CHRISTINA LAUREN
UNA NUEVA OPORTUNIDAD,COLLEEN HOOVER
UNA PROMESA DE CIEN AñOS,SARAH JIO
UNA PUERTA EN LA SOMBRA,ALICIA ACOSTA
VERITY,COLLEEN HOOVER
VUELVE EN ENERO,JOANA MARCUS
WILDER,REBECCA YARROS
"YO EN TU CASA, TU EN LA MIA",BETH O'LEARY
"TU, YO Y EL SUPER BOWL",TRACY WOLFF
LA SEGUNDA MUERTE DE LOCKE,MARINA TENA TENA
CUENTOS VICTORIANOS DE FANTASMAS PARA NAVIDAD,VARIOS AUTORES
NO ERES MI ALMA GEMELA,ELENA ARMAS
JUEGO DE DOS,ALI HAZELWOOD
ALFA,ALI HAZELWOOD
HIJA DE NINGUN MUNDO,CARISSA BROADBENT
SCYTHE AND SPARROW,BRYNNE WEAVER
LA MARCA DEL DRAGON,ARTHYFICE
TODAS LAS HISTORIAS LLEVAN TU NOMBRE,ANDREA LONGARELA
METAL SLINGER,RACHEL SCHNEIDER
NOVIA,ALI HAZELWOOD
TODOS LOS DEMONIOS DEL CIELO,MIRIAM MOSQUERA
TODOS LOS ANGELES DEL INFIERNO,MIRIAM MOSQUERA
UNA VIDA MARAVILLOSA,EMILY HENRY
MIS LUNES CON AROMA A MATCHA,MICHIKO AOYAMA
FURIA,TRACY WOLFF
EL GUARDIAN DE ESPADAS,CASSANDRA CLARE
UN AMIGO GRATIS,INMA RUBIALES
LEGACY: DONDE TODO COMIENZA,REBECCA YARROS
CAIDA LIBRE,ALI HAZELWOOD
CIEN DESAFIOS,NATALIE MAR
SHANGAI INMORTAL,A.Y CHAO
LA CHICA DE MIS SUEÑOS,TESSA BAILEY
UNA CORTE DE ALAS Y RUINA ,SARAH J. MAAS
QUICKSILVER,CALLIE HART
REY ENTRE SOMBRAS,MELISSA LANDERS
ELITE PLATEADA,DANI FRANCIS
ALAS DE SANGRE,REBECCA YARROS
ORGULLO Y PREJUICIO,JANE AUSTEN
¿QUE SE SIENTE?,JENEANE O'RILEY
UN TRATO CON EL REY DE LOS ELFOS ,ELISE KOVA
CREEDENCE,PENELOPE DOUGLAS
UN PODER DESATADO,FREYA MARSKE
LA REINA,JENNIFER ARMENTROU
EL CLUB DEL OLVIDO,ALICE KELLEN
DONDE HABITAN LAS SIRENAS,MARIA MARTINEZ
ANTES DE IRME,TILLIE COLE
FELICES PARA SIEMPRE,LYNN PAINTER
TRIADA: AUNQUE EL INFIERNO ME CONSUMA,CAROL S. BROWN
PELIGRO,ST ABBY
PERDIENDO EL CONTROL,LIZ TOMFORDE
SIGUIENDO EL JUEGO,LIZ TOMFORDE
JUGANDO FUERTE,LIZ TOMFORDE
"ABRAZAME, QUE NO TE QUIERO",IRENE FERB
LA CASA DE LOS ALETEOS,OLIVIA WILDENSTEIN
"TU SANGRE, MIS HUESOS",KELLY ANDREW
EL PERFUME DEL REY,KARINE BERNAL
SANGRE DE DRAGON,BRIAR BOLEYN
BLACK BIRD ACADEMY: MUERTE A LA OSCURIDAD,STELLA TACK
UNA CORTE DE ALAS Y RUINA ,SARAH J. MAAS
PARAISO PERVERSO,MAR PETRYK
UN AMOR DE NOVELA,ASHLEY POSTON
CUANDO TE ATREVAS A SENTIR,TAMARA MOLINA
ECHAR EL LAZO,LYLA SAGE
TE ENCUENTRO EN EL TIEMPO,ROSE MERINO
ENTRE CENIZAS ROJAS,MAR PETRYK
CRIATURAS DESPIADADAS,J.T GEISSINGER
SINNERS ANONYMOUS,SOMME SKETCHER
EL SONIDO DEL AMOR,ASHLEY POSTON
LA MANSION DE RAYNE,HARLEY LAROUX
LO FRAGIL Y LO ETERNO,BRUNO PUELLES
SKATE INTO ME,MORINA ESTRINGANA
UNA INFINIDAD DE SUEÑOS,MARA RUTHERFORD
"TU, YO Y NUESTRA COSTUMBRENDE ENREDAR LAS COSAS",NEREA CABALEIRO
ESCUDO DE GORRIONES,DEVNEY PERRY
RAZIEL,MAXIMILIANO AYLWIN
KHAOS,CHANYS A. WILSON
UN LUGAR FELIZ,EMILY HENRY
SUNRISE: EL ULTIMO AMANECER,ANNA TODD
UN BESO OSCURO,REBECCA ZANETTI
LOS AMANTES DE PRAGA,ALYSON RICHMANN
NO ME LLAMES LOCA,GILRAEN EARFALAS
VIAJANDO CON MEGAN MAXWELL,MEGAN MAXWELL
AMOR FUERA DE SERIE,NEREA PASCUAL
BLOOM,KEVIM PANETTA
TE RECETO OTRO GATO,SYOU ISHIDA
EL SECRETO DE LA NIÑERA,SIDONIE BONNEC
CASA DE CORAZONES,SKYLA ARDNT
NIGHTSHADE,AUTUMN WOODS
PUNK 57,PENELOPE DOUGLAS
EL COLECCIONISTA DE HISTORIAS,ALYSON RICHMAN
SI FUERAMOS ETERNOS,EMMA GIL
HUNDIDA,COLLEN HOOVER
LA TEORIA DEL ODIO,IÑIGO AGUAS
EL FARO DE LOS AMORES DORMIDOS,ANDREA LONGARELA
REVOLVE,BAL KHABRA
