Título,Autor(a)
"¿Qué tal, hijos de la Pachamama? Un viaje al Chile misterioso",Claudio Retamales Pereira
El rey (El príncipe cautivo #3),C. S. Pacat
Todas las criaturas oscuras (Todas las criaturas oscuras #1),Paula Gallego
Siembra Negra,Jesús Diamantino
Tu nombre a medianoche,Paula Gallego
El guerrero (El príncipe cautivo #2),C. S. Pacat
Vuela lejos,Kristin Hannah
La Vida con Perros 03,Yuka Katano
La Vida con Perros 02,Yuka Katano
La Vida con Perros 01,Yuka Katano
El esclavo (El príncipe cautivo #1),C. S. Pacat
La rebelión de la mariposa,Miriam Mosquera
Lucy Inmortal,Kiersten White
El amor a las puertas del Infierno,Jaysea Lynn
El bosque de corazones,M. A. Kuzniar
La leyenda de la serpiente blanca,Sher Lee
Silvercloak (Silvercloak Saga #1),Laura Steven
A siete años de ti,Ashley Poston
"Orgullo, prejuicio y veneno (Colección Cozy Mistery #36)",Elizabeth Peters
Invocación (The Summoner's Circle #1),S.T. Gibson
Alchemised,SenLin Yu
Rojo y Oro (Nueva edición limitada con cantos tintados),Iria G. Parente Selene M. Pascual
Un mar de secretos enterrados,Adrienne Young
Hechizos para olvidar,Adrienne Young
Los Cuatro,Ellie Keel
Home Far Away,Teki Yatsuda
Eterna (El universo elemental #2),Gonzalo Fabres
Una magia impregnada de veneno (The Book of Tea #1),Judy I. Lin
Los días en los que más te quise,Amy Neff
Borroso Primer Amor #1,Wataru Hinekure
El puente de las almas (Cassidy Blake #3),Victoria Schwab
Deja de decir mentiras,Philippe Besson
Los últimos días de Clayton and Co (Edición Limitada),Francisca Solar
Tras tres soles,Irene Morales
Historias chilenas paranormales,César Parra
Los túneles de huesos (Cassidy Blake #2),Victoria Schwab
Eterna (El universo elemental #1),Gonzalo Fabres
La ciudad de los fantasmas (Cassidy Blake #1),Victoria Schwab
El Pacto de la Rosa (The Rose Bargain #1),Sasha Peyton Smith
Placeres Violentos (Secret Shanghai #1),Chloe Gong
El beso final,Alicia Jasinska
Estrella y Espía,Marie Lu
El imperio del caos (Time Keeper #2),Iria G. Parente Selene M. Pascual
Aurora’s  Burning(The Aurora Cycle #2),Amie Kaufman
El arte de ahorgarse (A Study in Drowning #1),Ava Reid
El último juramento (The Last Binding #1),Freya Marske
Aurora’s  Rising (The Aurora Cycle #1),Amie Kaufman
"Tu sangre, mis huesos",Kelly Andrew
Cuando Reescribamos la Historia,Belén Martínez
Electra,Jennifer Saint
Las Puertas Invisibles,Alice Hoffman
El martillo de Thor (Magnus Chase #2),Rick Riordan
Psique y Eros,Luna Mcnamara
Volverás a Alaska (Bolsillo),Kristin Hannah
Entes de huesos,Emily Lloyd-Jones
Laurel de oro #1,Saraly Gute
Circe (Booket),Madeline Miller
La maldición de June Farrow,Adrienne Young
La Espada Del Tiempo (Magnus Chase #1),Rick Riordan
El heredero oscuro (Dark Rise #2),C. S. Pacat
Foxglove (Belladonna #2),Adalyn Grace
Jardín de Invierno,Kristin Hannah
Atmosphere,Taylor Jenkins Reid
Que entierren nuestros huesos a medianoche,Victoria Schwab
Fuego Celeste (Saga Trono de luz y oscuridad #1),Alice Wolf
La canción de Aquiles (Booket),Madeline Miller
Belladonna (Belladonna #1),Adalyn Grace
Autoboyography,Christina Lauren
Percy Jackson y la Diosa de Tres Cabezas (Percy Jackson and the Olympians: The Senior Year Adventures #2),Rick Riordan
Dear Gene #2,Kaya Azuma
Blue Moment,Michi Ichiho
Given #1,Natsuki Kizu
Rumores en la mansión Merrick,Catalina Pérez Escobar
El rey oscuro (Dark Rise #1),C. S. Pacat
Mi querido Henry (Un retelling de Dr. Jekill y Mr. Hyde),Kalynn Bayron
La tetera,Celeste Barbé
107 cartas en Auschwitz,Gerd Hecht
Una llama en las cenizas (Una llama en las cenizas #1),Sabaa Tahir
Percy Jackson y el cáliz de los dioses (Percy Jackson and the Olympians: The Senior Year Adventures #1),Rick Riordan
Las tres despedidas de Georg Kahn,Bruno Puelles
Más allá de las páginas (Más allá de las páginas #1),Sofía Armijo
Alfa (Alfa #2),Emina Himesama
Los secretos del Hotel Jardín de Odette,Bruno Puelles
La maldición de la sangre,M. L. Wang
Flores (Larga vida al rey #2),Irene Morales
La profecía del rayo y las estrellas,Rick Riordan
Villanos. Fuego y destino,Serena Valentino
Una promesa de cien años (Reedición),María Ignacia Urzúa Reyes
Sangre (Larga vida al rey #1),Irene Morales
El Atlas de los Seis (Seis de Atlas #1),Olivie Blake
Martina Ackels y el Cetro de Orselok,Fabián Rivas
En la Posada de Sofía,Cristina Molina
El club de las pintoras,Alyson Richman
Cartas desde el desierto,Manu Carbajo
La ciudad de los mil ojos,Bruno Puelles
Timmy en apuros,Holly Webb
Después del océano,Belén Martínez
La torre de Nerón (Las pruebas de Apolo #5),Rick Riordan
Hijos Dorados,Patricia Ibárcena
El último Van Gogh,Alyson Richman
Un corazón roto y un prometido,Estefany Cisternas B.
Cuando Haru estuvo aquí,Dustin Thao
El Reloj de Eones,Benjamín Navarro
La tumba del tirano (Las pruebas de Apolo #4),Rick Riordan
Acid Rain (Acid Rain #1),Yaritza Aguilera
El rey de la máscara oscura (El rey de la máscara oscura),Javiera Valenzuela
Lo frágil y lo eterno,Bruno Puelles
Perrunos y gatunos,Enzo Roubaud Rojas
El laberinto en llamas (Las pruebas de Apolo #3),Rick Riordan
Las recolectoras de hilos,Alyson Richman
Los señores de la muerte,Olivie Blake
La Profecía Oscura (Las pruebas de Apolo #2),Rick Riordan
Hooky (Hooky #3),Míriam Bonastre Tur
Hana (Hana #1),Koniicha
Tweeling 2,Emina Himesama
Alfa (Alfa #1),Emina Himesama
El secreto de su mente,Marie Benedict
Las horas de terciopelo,Alyson Richman
El oráculo oculto (Las pruebas de Apolo #1),Rick Riordan
Contigo en el éter,Olivie Blake
Una sonata de verano,Belén Martínez
Las manos cálidas de los fantasmas,Katherine Arden
Heartless,Marissa Meyer
El invitado de honor,Evelyn Aravena Ahumada
La Sangre Del Olimpo (Los héroes del Olimpo #5),Rick Riordan
Los Años Dorados (La mansión de los chocolates #2),Maria Nikolai
El valle de los lobos (Crónicas de la torre #1) Reedición,Laura Gallego
Dos chicos besándose,David Levithan
El Buzón de las Impuras,Francisca Solar
Robot salvaje,Peter Brown
Sangre de dioses,Belén Martínez
La casa de Hades (Los héroes del Olimpo #4),Rick Riordan
La Mansión de los Chocolates (La mansión de los chocolates #1),Maria Nikolai
La Marca de Atenea (Los héroes del Olimpo #3),Rick Riordan
Bluebells,Francisca Solar
El extranjero,Albert Camus
La habitación de Giovanni,James Baldwin
Placeres mortales,Belén Martínez
In Memoriam,Alice Winn
El hijo de Neptuno (Los héroes del Olimpo #2),Rick Riordan
Envuelto en tu noche,Mori Moyori
Jaulas de seda (Marabilia #4),Iria G. Parente Selene M. Pascual
La flor que parecía bailar,Saki Tsukahara
El chico y el perro,Seishu Hase
La casa en el mar más azul,T. J. Klune
Asesinato entre libros (Colección Cozy Mistery #2),Kate Carlisle
El alma del brujo (El vals de la bruja #2),Belén Martínez
Enebro & espina,Ava Reid
La luz de la esperanza,Alan Hlad
Joy #2,Etsuko
Bajo la puerta de los susurros,T. J. Klune
Lo que nos queda de mundo,Erik J. Brown
Aquella vez en Berlín,María José Moreno
Historias que dejan huellas - Quédense en la trinchera y luego corran,John Boyne
El eco del destino (Time Keeper #1),Iria G. Parente Selene M. Pascual
Liberación,Imogen Kealey
Nunca me abandones,Kazuo Ishiguro
La traidora,V.S. Alexander
El pacifista,John Boyne
Espíritus del Inframundo #3,Hiromu Arakawa
Espíritus del Inframundo #2,Hiromu Arakawa
Espíritus del Inframundo #1,Hiromu Arakawa
La Segunda Guerra Mundial (II),Sir Winston Churchill
La casa alemana,Annette Hess
La coleccionista,Marie Benedict
Lecciones de Química,Bonnie Garmus
Qualia bajo la nieve,Kanna Kii
Dear Gene #1,Kaya Azuma
La única mujer,Marie Benedict
Rivales Divinos (Letters of Enchantment #1),Rebecca Ross
El Club de Lectura del Refugio Antiaéreo,Annie Lyons
Trenza del mar Esmeralda,Brandon Sanderson
El príncipe de los caballos,Stacy Gregg
Chicas de nieve y cristal,Melissa Bashardoust
Heartstopper 5,Alice Oseman
Rumspringa,Kaya Azuma
Dominación,C. J. Sansom
El manual del adulto funcional,María José Castro
La niña polaca,Mónica Rojas
La loba y el leñador,Ava Reid
La Traición de Camelot,Kiersten White
La ciudad al atardecer. El país de los cerezos,Fumiyo Kouno
Los nombres prestados,Verónica Sukaczer
Restart After Come Back Home,Cocomi
Restart After Growing Hungry,Cocomi
"¡No te rindas, Nakamura!",Syundei
La cinta roja,Lucy Adlington
La hija de la diosa de la luna,Sue Lynn Tan
Los Doce Dias de Dash & Lily,Rachel Cohn
Héroes de la aviación Que Cambiaron el Mundo,Jade Sarson
Ve y pon un Centinela,Harper Lee
Tweeling #1,Emina Himesama
Has llamado a Sam,Dustin Thao
La Escuela de las Novias Nazis,Aimie K. Runyan
Relatos de Torrealta,Danitza Eterovic
La temporada de las apariciones,VV. AA
Los Fantasmas Favoritos de Roald Dahl,Roald Dahl
Matar a un ruiseñor,Harper Lee
Imperio,Iria G. Parente Selene M. Pascual
Buenos presagios,Neil Gailman
La Guerra de los Mundos,Wells H.G
Luisa 1912,Daniela Viviani
Los secretos de la biblioteca de la Quinta Avenida,Fiona Davis
Ríos de Londres,Ben Aaronovitch
La Guerra de la Pólvora (Temerario #3),Naomi Novik
Heroes de los Inventos Que Cambiaron el Mundo,Pete Katz
La modista de paris,Georgia Kaufmann
La pequeña librería de los corazones solitarios,Annie Darling
El Vals de la Bruja (El vals de la bruja #1),Belén Martínez
Cuando Hitler robó el conejo rosa,Judith Kerr
Los enclaves dorados,Naomi Novik
La Joven del Pelo Rojo,Buzzy Jackson
El gato que amaba los libros,Sosuke Natsukawa
La Batalla de las Ardenas,Wayne Vansant
Normandía: Una Historia Gráfica del Día-D,Wayne Vansant
El Bombardeo de la Alemania Nazi (Historia Gráfica),Wayne Vansant
El Barón Rojo (Historia Gráfica),Wayne Vansant
Héroes de la Ciencia que Cambiaron el Mundo,Dave Shephard
El chico de las estrellas (Edición Ilustrada),Chris Pueyo
Héroes del espacio,Vince Sohn
Por qué nos encantan los gatos,Mónica Marelli
El último graduado,Naomi Novik
Invisible,Eloy Moreno
Una educación mortal,Naomi Novik
Cumbres borrascosas,Emily Brontë
Hierba,Keum Suk Gendry-Kim
La espera,Keum Suk Gendry-Kim
Joy #1,Etsuko
El adversario,Emmanuel Carrère
El ciclo del eterno emperador,Laura Gallego
Las batallas silenciadas,Nieves Muñoz
La muerte de las cuatro reinas,Astrid Scholte
Los testamentos,Margaret Atwood
Loveless,Alice Oseman
El mayor Pettigrew se enamora,Helen Simonson
Cómo conocí a mi marido,Ryosuke Nanasaki
Hooky (Hooky #2),Míriam Bonastre Tur
Brothersong (Green Creek #4),T. J. Klune
El jardín secreto,Frances Hodgson Burnett
El cuento de la criada,Margaret Atwood
El Regreso de Carrie Soto,Taylor Jenkins Reid
La chica del abrigo azul,Monica Hesse
Suite Francesa (Novela Gráfica),Irène Némirovsky
El Trono de jade (Temerario #2),Naomi Novik
Voces de Chernóbil,Svetlana Alexiévich
Éramos el enemigo ,George Takei
Un chico y su perro en el fin del mundo,C.A. Fletcher
Ladrones de libertad (Marabilia #3),Iria G. Parente Selene M. Pascual
Pétalos de Papel,Iria G. Parente Selene M. Pascual
Títeres de magia (Marabilia #2),Iria G. Parente Selene M. Pascual
Los Amantes de Praga,Alyson Richman
La Canción de Las Hermanas,Rebecca Ross
La misión de Rox (Guardianes de la Ciudadela 3),Laura Gallego
Los dos Amores de mi Vida,Taylor Jenkins Reid
El Secreto de Xein (Guardianes de la Ciudadela 2),Laura Gallego
Mujeres Que Nacieron Diferentes,Anna Riera
La niña que miraba los trenes partir,Ruperto Long
El bestiario de Axlin (Guardianes de la Ciudadela #1),Laura Gallego
All Night Long,Muno
Mitos De La Segunda Guerra Mundial #2,Jean Lopez
La Luz Que No Puedes Ver,Anthony Doerr
Los Siete Maridos de Evelyn Hugo,Taylor Jenkins Reid
Dime quién soy,Julia Navarro
El oso y el ruiseñor,Katherine Arden
Historia en Segundos,Sandra Lawrence
Sueños de piedra,Iria G. Parente Selene M. Pascual
El Orgullo del Dragón (El dragón y el unicornio #1),Iria G. Parente Selene M. Pascual
El Dragón de Su Majestad (Temerario #1),Naomi Novik
Anne sin filtros,Iria G. Parente Selene M. Pascual
Los por qué de la historia 3,Stephane Bern
Sabemos cómo vamos a morir,Paco Ignacio Taibo II
Los por qué de la historia 2,Stephane Bern
¿Quién traicionó a Ana Frank?: La investigación que revela el secreto jamás contado,Rosemary Sullivan
Tiempo de resurgir (La mansión #3),Anne Jacobs
El Cuaderno de Desafios de Dash & Lily,Rachel Cohn
Los niños de Willesden Lane,Mona Golabek
Sherlock Holmes Tomo iii. Obra Completa,Arthur Conan Doyle
Perdida,Gillian Flynn
Viajeros Intrepidos,Montse Ganges
Una promesa de cien años,María Ignacia Urzúa Reyes
Marte: La Próxima Frontera,José Maza
Criminales nazis del exterminio,Ernesto Frers
Fugas y Evasiones de La Segunda Guerra Mundial,Pedro Pablo G. May
Ladrona de Libros,Markus Zusak
El pecador de Oxford,Mar Petryk
La Segunda Guerra Mundial (I),Sir Winston Churchill
Invierno en tiempo de guerra,Jan Terlouw
Sin novedad en el frente,Erich Maria Remarque
El hombre de tiza,C.J. Tudor
Antología de cuentos cortos,VV. AA
Historias Chilenas de Fantasmas,César Parra
La historia secreta del Día D: La verdad sobre los superespías que engañaron a Hitler,Ben Macintyre
La Casa del Propósito Especial,John Boyne
Quédense en la trinchera y luego corran,John Boyne
El niño con el pijama de rayas,John Boyne
La Lección De August,R. J. Palacio
Hubo una vez una guerra (bolsillo),John Steinbeck
Ariadna,Jennifer Saint
Tiempos de tormenta (La mansión #2),Anne Jacobs
La sociedad literaria y del pastel de piel de patata Guernsey,Mary Ann Shaffer
Blanco Como La Nieve,Salla Simukka
Me llamo Lumikki 3. Negro como el ébano,Salla Simukka
Oliver y Max,Ángela Armero Biadiu
Heidi,Johanna Spyri
El Perro de Los Baskerville,Arthur Conan Doyle
Nick y Charlie,Alice Oseman
El hombre en el castillo (Edición mexicana),Philip K. Dick
Los misterios del Imperio Nazi: Historias sorprendentes del Tercer Reich desde su auge hasta su caída,Marius Lambert
Alicia,Lewis Carrol
Algunas Heridas Nunca Se Curan,Nele Neuhaus
Blancanieves debe morir,Nele Neuhaus
Lucharon En Batallas Decisivas,Pedro Pablo Garc May
Un Dueto Oscuro,Victoria Schwab
Rojo Como La Sangre,Salla Simukka
Dunkerque,Joshua Levine
La guerra no tiene rostro de mujer,Svetlana Alexiévich
El misterio de las cuatro cartas,Sophie Hannah
Si No Despierto,Lauren Oliver
El Engaño de la Princesa,Kiersten White
Animales Fantásticos Y Dónde Encontrarlos / Fantastic Beasts & Where to Find Them,J.K Rowling
Los Cuentos de Beedle el Bardo / the Tales of Beedle the Bard,J.K Rowling
"El libro del soldado de la Wehrmacht: La historia, armas y uniformes de los ejércitos de Hitler",Pablo Sagarra Renedo
Submarinos,Manuel J. Prieto
Operación Barbarroja,Christian Hartmann
La Vida Invisible de Addie Larue,Victoria Schwab
La Espía,Danielle Steel
Hooky (Hooky #1),Míriam Bonastre Tur
El baile de las luciérnagas,Kristin Hannah
Bajo un cielo escarlata,Mark Sullivan
Grandes Batallas: Conflictos decisivos que han conformado la historia,Christer Jorgensen
Las grandes batallas de la Segunda Guerra Mundial,Chris Mann
Mi Policia,Bethan Roberts
La resistencia contra los nazis,Herve Barre
Comandos y raids,Pere Romanillos
Ases de la Luftwaffe en la Segunda Guerra Mundial,Philip Kaplan
La guerra en el mar,José Luis Caballero
El héroe perdido (Los héroes del Olimpo #1),Rick Riordan
Una canción salvaje,Victoria Schwab
Un cuento perfecto,Elísabet Benavent
Tiempos gloriosos (La mansión #1),Anne Jacobs
La Biblioteca de París,Janet Skeslien Charles
Heartstopper 1,Alice Oseman
El largo camino a casa,Alan Hlad
El mago supremo,Charlie N. Holmberg
El mago de cristal,Charlie N. Holmberg
El mago de papel,Charlie N. Holmberg
Antología de Relatos Románticos Tormentosos,VV. AA
El Extraño Caso de Dr. Jekyll y Mr. Hyde,Robert L. Stevenson
Hetalia Axis Power Volumen 2,Himaruya Hidekaz
Hetalia Axis Power Volumen 4,Himaruya Hidekaz
Hetalia Axis Power Volumen 1,Himaruya Hidekaz
Hetalia Axis Power Volumen 3,Himaruya Hidekaz
El último héroe del Olimpo (Percy Jackson y los dioses del Olimpo 5),Rick Riordan
La batalla del laberinto (Percy Jackson y los dioses del Olimpo 4),Rick Riordan
El Ruiseñor,Kristin Hannah
La maldición del Titán (Percy Jackson y los dioses del Olimpo 3),Rick Riordan
Antología de Relatos de Detectives,Charles Dickens
El Fantasma de la Opera,Gaston Leroux
Mar de los monstruos (Percy Jackson 2),Rick Riordan
Los misterios de Charlotte Holmes,Brittany Cavallaro
Percy Jackson y el ladrón del rayo,Rick Riordan
Sherlock Holmes. Obras Completas (1917-1927),Arthur Conan Doyle
Emma,Jane Austen
Heartstopper 4. Más que palabras,Alice Oseman
Susurros subterráneos,Ben Aaronovitch
En el bosque,Alyssa Wees
Antología de Relatos Románticos,VV. AA
Fairest,Marissa Meyer
El susurro de la marea,Sarah Tolcser
La esposa del prisionero,Maggie Brookes
Pájaro blanco,R. J. Palacio
Link,Natsuki Kizu
Heartstopper 3,Alice Oseman
Heartstopper 2. Mi persona favorita,Alice Oseman
Los Casos de Monsieur Dupin,Edgar Allan Poe
Oliver Twist,Charles Dickens
Ana de las tejas verdes (Ana de las tejas verdes #1),Lucy Montgomery
La abadía de Northanger,Jane Austen
Las Aventuras de Sherlock Holmes,Arthur Conan Doyle
Cuentos Mágicos Irlandeses,Roberto Rosaspini Reynolds
La Rebelion de la Reina,Rebecca Ross
Estudio En Escarlata,Arthur Conan Doyle
Hija de Las Tinieblas,Kiersten White
La Cancion de la Corriente,Sarah Tolcser
Conjuro de luz,Victoria Schwab
Concilio de Sombras,Victoria Schwab
Las Memorias de Sherlock Holmes,Arthur Conan Doyle
Una magia más oscura,Victoria Schwab
Heartsong (Green Creek #3),T. J. Klune
Ravensong (Green Creek #2),T. J. Klune
Wolfsong (Green Creek #1),T. J. Klune
A dos metros de ti,Rachael Lippincott
Jane Eyre,Charlotte Brontë
Todo este tiempo,Rachael Lippincott
El Castillo en Las Nubes,Kerstin Gier
Un monstruo viene a verme,Patrick Ness
Harry Potter y las Reliquias de la Muerte,J.K Rowling
Harry Potter y el misterio del príncipe,J.K Rowling
Harry Potter y la Orden del Fenix,J.K Rowling
Harry Potter Y La Cámara Secreta,J.K Rowling
Harry Potter y la piedra filosofal,J.K Rowling
Harry Potter y el Prisionero de Azkaban,J.K Rowling
La Resistencia de la Reina,Rebecca Ross
Harry Potter y el Cáliz de Fuego,J.K Rowling
Extraña Gracia,Tessa Gratton
Inferno,Dan Brown
Origen,Dan Brown
Trono de Cristal,Sarah J. Maas
Corona de Medianoche,Sarah J. Maas
Carry On,Rainbow Rowell
Despues de ti [yo Antes de ti 2],Jojo Moyes
Origin,Jennifer L. Armentrout
Opposition,Jennifer L. Armentrout
Yo antes de ti / Me Before You,Jojo Moyes
Firelight,Sophie Jordan
Opal,Jennifer L. Armentrout
Heima Es Hogar en Islandes,Laia Soler
Onyx,Jennifer L. Armentrout
El Hijo de la Perdicion,Wendy Alec
Obsidian,Jennifer L. Armentrout
Hechicero (Spellslinger #1),Sebastien de Castell
La casa de las tortugas,Amanda Churchill
Jóvenes e imprudentes,Rachel Hawkins
El juego del escape,Tamara Moss
La reina de espinas (The Rose Bargain #2),Sasha Peyton Smith
Sinfonía del trono mortal (Mousai #3),E.J. Mellow
En este reino soy inmortal (Maggie the Undying #1),Ilona Andrews
De Sangre y Fuego (The Bound and the Broken #1),Ryan Cahill
El caballero y la polilla (The Stonewater Kingdom #1),Rachel Gillig
Un escenario para villanos,Shannon J. Spann
Hechizos y abismos (The Hidden Society #2),Ella Archer
La fuerza de pocos (La Jerarquía #2),James Islington
El canto del pájaro cautivo,Brooke Fast
Las esposas de los Romanov,Clare Mchugh
Mi hogar lleva tu nombre,Cecilia Agüero
Hijas de Shandong,Eve J. Chung
La librería de los viernes,Sawako Natori
Un Fuego en los Huesos (Waxways #3),Scott Reintgen
Un susurro tras la pared  (Waxways #2),Scott Reintgen
La colección de historias perdidas de Emily Wilde (Emily Wilde Enciclopedia de Hadas #3),Heather Fawcett
Los Wycherley (The Wycherleys #1),Annaliese Avery
El cielo ilimitado,Fonda Lee
Orillas infinitas (Drowned Gods #3),Pascale Lacelle
La Caída (Above the Black #3),Marc J. Gregson
Reino de ladrones (Edición Especial Limitada),Leigh Bardugo
Seis de cuervos (Edición Especial Limitada),Leigh Bardugo
La dama de las mentiras,K. M. Enright
La caza nocturna,Alexandra Christo
Manual de Panaderia Mágica Para Usar en Caso de Ataque,T. Kingfisher
Coronas en llamas (Coronas Gemelas #3),Catherine Doyle
Para el trono (Wilderwood #2),Hannah Whitten
Cielos extraños (Drowned Gods #2),Pascale Lacelle
El aliento de Dragón (Marcado por el aliento #1),Fonda Lee
Albaoscura (The Nevernight Chronicle #3),Jay Kristoff
El lamento del hielo,Costa Alcalá
El canto de las ruinas,Costa Alcalá
La música de los prodigios,Costa Alcalá
Everfound (The Skinjacker Trilogy #3),Neal Shusterman
Everwild (The Skinjacker Trilogy #2),Neal Shusterman
Everlost (The Skinjacker Trilogy #1),Neal Shusterman
Casa de corazones,Skyla Arndt
La era de los héroes (La Triada #2),Nira Strauss
La verdad sobre el caso del psiquiatra desaparecido,Tom Mead
El Superviviente de Auschwitz,Josef Lewkowicz
La corte de la muerte,Rick Riordan
Entre serpientes (Above the Black #2),Marc J. Gregson
Cruzanoches,R. M. Gray
Canto de tormentos (Myths of the Empyrieos #1),Braidee Otto
Aurora’s  End (The Aurora Cycle #3),Amie Kaufman
El despertar del Fuegoeterno (Kindred's Curse #1),Penn Cole
Su rostro es el sol (Throne of Khetara #1),Michelle Jabès Corpora
La sombra del zorro (Shadow of the Fox #1),Julie Kagawa
El día después de todos,Juan Arcones
La novia oscura (The Scarlet Veil #2),Shelby Mahurin
Cuatro reinos rotos (The Broken Blades #2),Mai Corland
Una infinidad de sueños,Mara Rutherford
Tiempo de veneno,Mara Rutherford
La señal de la plaga (The Blackthorn Key #2),Kevin Sands
El alma de la espada (Shadow of the Fox #2),Julie Kagawa
La noche del dragón (Shadow of the Fox #3),Julie Kagawa
Vil cazador del corazón (Vil dama de la fortuna #2),Chloe Gong
La niña halcón (Shadow Skye Series #1),Joseph Elliott
Medusa. La chica detrás del mito,Jessie Burton
Éramos Tres Niños Perdidos en la Niebla,Ruperto Long
La narradora (The Reader Trilogy #3),Traci Chee
La oradora (The Reader Trilogy #2),Traci Chee
La lectora (The Reader Trilogy #1),Traci Chee
Hombre muerto en una zanja (Serie Los archivos de Fetch Phillips #2),Luke Arnold
La república del dragón (La guerra de la Amapola #2),R.F. Kuang
El carnicero del bosque,Premee Mohamed
Los sellos oscuros (Dark Sigils #1),Anna Benning
El lobo y la serpiente (Dark Inheritance Trilogy #1),Rebecca Robinson
La dama de la oscuridad (Lady of Darkness #1),Melissa K. Roehrich
Un pacto de almas perdidas,Vanessa R. Migliore
Faebound (Faebound #1),Saara El-Arifi
La casa de los latidos (The Kingdom of Crows #2),Olivia Wildenstein
La era de los reyes (La Triada #1),Nira Strauss
Aurora (La Academia #2),Nerea Llanes
El príncipe de los dragones (Flame & Arrow #1),Sandra Grauer
La teoría de Kim (La teoría de Kim #2),Jay Sandoval
Asesinato en el Brightwell (Colección Cozy Mystery # 38),Ashley Weaver
Mis días en el Café Torunka,Satoshi Yagisawa
Los lobos de oro (The Gilded Wolves #1),Roshani Chokshi
Las serpientes de plata (The Gilded Wolves #2),Roshani Chokshi
Las bestias de bronce (The Gilded Wolves #3),Roshani Chokshi
El Cortejo de Bristol Keats (El Cortejo de Bristol Keats #1),Mary E. Pearson
Danza del mar en llamas (Mousai #2),E.J. Mellow
Las Doce Cruces de Bellevue,Pedro Godoy
Las Runas Eternas,Diego Tamayo Quezada
Niebla de Fuego,Krishna Villegas Andrade
Leyendas de Kalomaar: La Venganza de la Reina,Alberto Rojas M.
El Descenso del Guardián,Romina Merchak
Alma y cuatro elementos,Natalia P. Órdenes
Ápohnin: El Idioma del Relámpago,J. J. Torrico
Vil dama de la fortuna (Vil dama de la fortuna #1),Chloe Gong
La voluntad de muchos(La Jerarquía #1),James Islington
Anillos y estrellas (The Hidden Society #1),Jude Archer
El secreto de Gaudlin Hall,John Boyne
La casa de los aleteos (The Kingdom of Crows #1),Olivia Wildenstein
Cinco armas rotas (The Broken Blades #1),Mai Corland
Un último instante contigo,Naoko Higashi
El coleccionista de historias,Alyson Richman
Dos coronas retorcidas (The Shepherd King #2),Rachel Gillig
La casa de las grietas,Krystal Sutherland
Rey de corazones,Hanna Krall
Magia Sombría(Shadow Magic #1),Joshua Khan
Magia de ensueño (Shadow Magic #2),Joshua Khan
Magia Ígnea (Shadow Magic #3),Joshua Khan
La niña cuervo (Shadow Skye Series #2),Joseph Elliott
Mareas infinitas (Mareas #2),Ángela G. Sanjuán
Mareas de altura (Mareas #1),Ángela G. Sanjuán
El príncipe cruel (Los habitantes del aire #1),Holly Black
El rey malvado (Los habitantes del aire #2),Holly Black
La reina de la nada (Los habitantes del aire #3),Holly Black
La Busqueda Del Asesino (Trilogia Del Vatidico #3),Robin Hobb
Asesino Real (Trilogia Del Vatidico #2),Robin Hobb
Aprendiz De Asesino (Trilogia Del Vatidico #1),Robin Hobb
Inmortal,Sue Lynn Tan
Hijas de la niebla (Minotauro),Lydia Gregovic
La canción de la lluvia eterna (Mousai #1),E.J. Mellow
Las invocaciones,Krystal Sutherland
El último unicornio,Peter S. Beagle
Un Segundo Amor (La nación de las bestias #0),Mariana Palova
Luna de hueso (La nación de las bestias #3),Mariana Palova
Leyenda de fuego y plomo (La nación de las bestias #2),Mariana Palova
El señor del Sabbath (La nación de las bestias #1),Mariana Palova
Sanctas: Estudio de una mentira,Patricia Ibárcena
La liga de los mentirosos (The League of Liars #1),Astrid Scholte
Gearbreakers (Gearbreakers #1),Zoe Hana Mikuta
La maldición del faraón (Colección Cozy Mistery #31),Elizabeth Peters
Los cien amores de Julieta,Evelyn Skye
Harry Potter y la Piedra Filosofal (Edición Especial con Cantos Pintados) ,J.K Rowling
Atmosphere: Una historia de amor (Exclusiva),Taylor Jenkins Reid
Citas & desmembramientos,A.L. Brody
Lady Macbethad,Isabelle Schuler
Muñeca de huesos,Holly Black
Medianoche absoluta (Abarat #3),Clive Barker
"Días de magia, noches de guerra (Abarat #2)",Clive Barker
Abarat (Abarat #1),Clive Barker
Una Anciana Encantadora… y Letal (Colección Cozy Mistery #37),Helene Tursten
Bajo el metal,Irene Morales
Un velo escarlata (The Scarlet Veil #1),Shelby Mahurin
El aliento de los dioses,Brandon Sanderson
Violet y Finch,Jennifer Niven
El último dragón (Cuentos de Bereth #1),Javier Ruescas
Chicas de papel y de fuego (Girls of Paper and Fire #1),Natasha Ngan
La Casa de la Bestia,Michelle Wong
El libro de la noche (The Charlatan Duology Series #1),Holly Black
Corazón negro (Curse Workers #3),Holly Black
Guante rojo (Curse Workers #2),Holly Black
Gata Blanca (Curse Workers #1),Holly Black
El legado de la reina cuervo,Isa J. Gonzále
El Imperio Sangriento (The Bleeding Empire #1),Sung-Il Kim
El corazón de Naga (El Pájaro que bebe Lágrimas #1),Yeong-Do Lee
Un caballero en Moscú (Edición Limitada),Amor Towles
Hechizos de Medianoche,Rachel Griffin
Mister Magic,Kiersten White
La teoría de Kim (La teoría de Kim #1),Jay Sandoval
Hija de La Frontera,Asier Moreno Vizuete
La asesina del rey (The Halfling Saga #1),Melissa Blair
Historia de un piano,Ramon Gener
Maestra del hierro (Bladesmith #2),Tricia Levenseller
La espada de los secretos (Bladesmith #1),Tricia Levenseller
Huérfanos del Errante (Tejesombras #1),Costa Alcalá
Mi Abuela Estuvo en Auschwitz,Marcos Alvo
Rey brujo (The Rising World #1),Martha Wells
El límite del cielo (Above the Black #1),Marc J. Gregson
Un cheddar para morirse (Colección Cozy Mistery #27),Korina Moss
Máscara de Gato,Francesca Zappia
Electro,VV. AA
Mil pasos al interior de la noche,Traci Chee
Los Brujos del fin del mundo,Miguel Ferrada
Los últimos días de Clayton and Co.,Francisca Solar
Algo fabuloso,Alexis Hall
Flash Fire (The Extraordinaries #2),T. J. Klune
Los Chicos de Promise,Nick Brooks
La casa Marionne (House of Marionne #1),J. Elle
Black Water Sister,Zen Cho
Dioses de Jade y Sombra,Silvia Moreno-García
"Sal Conmigo, Bryson Keller!",Kevin Van Whye
Serendipia Editorial. Un Amor Entre Páginas,Catalina Giselle Toloza Espinoza
La ladrona de libros (Edición Limitada),Markus Zusak
Una escalera hacia el cielo,John Boyne
El Grimm mortal (The Forest Grimm duology #2),Kathryn Purdie
La herencia de Orquídea Divina,Zoraida Cordova
La tejedora encantada,Alexandra Bracken
La biblioteca prohibida,Connis Dave
La parca infinita (Infinity Cycle #2),Adam Silvera
Renovarse o morir (Colección Cozy Mistery #29),Krista Davis
Rose in Chains (The Evermore Trilogy #1),Julie Soto
Jane Eyre (Alma Pocket),Charlotte Brontë
Orgullo y prejuicio (Alma Pocket),Jane Austen
Persuación (Alma Pocket),Jane Austen
"Anne, la de Tejados Verdes",Lucy Montgomery
"Anne, la de Avonlea",Lucy Montgomery
Dormir en un mar de Estrellas (Fractalverse #1),Christopher Paolini
Flores de verano,Tamiki Hara
La princesa de espinas (Dauntless Path #1),Intisar Khanani
Canción de sangre,Julia Ember
Bloodmarked (The Legendborn Cycle #2),Tracy Deonn
El maestro de los enigmas,Danielle Trussoni
Los jugadores,Carlos Fortea
Un ardiente verano,Eduard von Keyserling
Última (The Lotus Wars #3),Jay Kristoff
Imperio (The Lotus Wars #2),Jay Kristoff
Tormenta (The Lotus Wars #1),Jay Kristoff
El libro de las sombras,Jordi Ribolleda
Diario De Ana Frank (B),Anne Frank
Heat wave (The Extraordinaries #3),T. J. Klune
Un poder desatado (The Last Binding #3),Freya Marske
El coleccionista de brujas (Witch Walker #1),Charissa Weaks
"Dorado, violeta y verde menta (Deseos prohibidos #1)",Marta Santés
La Gaceta del Misterio (Stranger Times #1),C. K. Mcdonnell
Legendborn (The Legendborn Cycle #1),Tracy Deonn
Un hombre encantador (Stranger Times #2),C. K. Mcdonnell
El hada verde,Jamie Pacton
El circo de las luces,J.R. Dawson
El regreso de Moriarty (Charlotte Holmes Series #2),Brittany Cavallaro
El emporio escarlata,Jamie Pacton
Coronas de ceniza (Wings of Fury #2),Emily R.King
Alas de furia (Wings of Fury #1),Emily R.King
Truel1F3 (Lifel1K3 #3),Jay Kristoff
Dev1At3 (Lifel1K3 #2),Jay Kristoff
Lifel1K3 (Lifel1K3 #1),Jay Kristoff
El secreto de París,Bryn Turnbull
Tumba De Dioses (The Nevernight Chronicle #2),Jay Kristoff
Nuncanoche (The Nevernight Chronicle #1),Jay Kristoff
La bruja de Near,Victoria Schwab
Anhelos Inmortales (Flesh and False Gods #1),Chloe Gong
Immortal Dark (Immortal Dark Trilogy #1),Tigest Girma
La inquilina de Wildfell Hall (Novelas Eternas),Anne Brontë
Buscando a Dorothy,Elizabeth Letts
El último cupcake (Colección Cozy Mistery #30),Joanne Fluke
La guardiana de libros,Madeline Martin
La última cuentista,Donna Barbara Higuera
El gato de Schrödinger,Lily Del Pilar
"El sol, la luna y las estrellas",Marta Santés
Las reinas de Innis Lear (Innis Lear #1),Tessa Gratton
Lady Hotspur (Innis Lear #2),Tessa Gratton
El Hijo infinito (Infinity Cycle #1),Adam Silvera
The Measure: Las cuerdas del destino,Nikki Erlick
Enigma bajo las sábanas (Colección Cozy Mistery #23),Kate Carlisle
La esperanza de aquellos días,Georgia Hunter
La balada del arpa de hueso,Lucy Holland
Heroínas sencillas y perversas,Emily M. Danforth
Al otro lado del océano,Tahereh Mafi
Un reino entretejido (This Woven Kingdom #1),Tahereh Mafi
Finales Violentos (Secret Shanghai #2),Chloe Gong
Creo que tengo un problema,Daniel Aleman
Liberamos Las Estrellas (Arenas de Arawiya #2),Hafsah Faizal
El otro lado del cielo (The Other Side of the Sky #1),Amie Kaufman
Caelum,Gabriel Ángulo Vragas
La maldición radiante (Six Crimson Cranes #0),Elizabeth Lim
Los Secretos de Longdawn (Magia & Sentimientos #1),Ariel Holz
A la Caza del Fuego (Arenas de Arawiya #1),Hafsah Faizal
La Daga y el Fuego (The City of Fantome #1),Catherine Doyle
La voz del agua,Maggie Stiefvater
La Cocina de los Libros de Soyangri,Kim Jee-Hye
Top Secret,Sarina Bowen
Rey entre sombras (The Half King #1),Melissa Landers
Fable (Fable #1),Adrienne Young
Medianoche (Fable #2),Adrienne Young
Muerte en el Lovely Lady Club,Marie Rutkoski
Yerba Buena,Nina LaCour
En El Bosque de Las Historias Olvidadas,Shea Ernshaw
Una puerta en la sombra (Waxways #1),Scott Reintgen
No dejes entrar al bosque,C.G. Drews
Sentido y Sensibilidad (Alma Pocket),Jane Austen
El buen soldado (Alma Ilustrado),Ford Madox Ford
Agnes Gray (Alma Pocket),Anne Brontë
Sanditon,Jane Austen
El Valle del Miedo,Arthur Conan Doyle
Fathomfolk,Eliza Chan
El lado  perdido (The Half Bad Trilogy #3),Sally Green
Ocaso (La Academia #1),Nerea Llanes
La caída de las brujas (El vals de la bruja #3),Belén Martínez
Un cielo de sueños dorados,Laura Wood
Una furia de alas negras (Skybound #1),Alex London
Y vendrá la oscuridad (The Age of Darkness #1),Katy Rose Pool
Bajo la luz mortal (The Age of Darkness #3),Katy Rose Pool
La traición de Montverre,Bridget Collins
La orden del dragón,Jean Bennet
Un linaje oscuro (Las Crónicas de Ravenswood #1),Victoria Vílchez
La traición del halcón (The merciful crow #2),Margaret Owen
La misericordia del cuervo (The merciful crow #1),Margaret Owen
La página en llamas (La biblioteca invisible #3),Genevieve Cogman
La ciudad enmascarada (La biblioteca invisible #2),Genevieve Cogman
La biblioteca invisible (La biblioteca invisible #1),Genevieve Cogman
Hotel Magnifique,Emily J. Taylor
Juntos en la hoguera,Isabel Ibañez
Un corazón obstinado (The Tithenai Chronicles #1),Foz Meadows
Una gloria retorcida (This Woven Kingdom #3) ,Tahereh Mafi
Un hilo infinito (This Woven Kingdom #2),Tahereh Mafi
Una jaula de hilso dorados (Hilos de magia #2),Vanessa R. Migliore
La ciudad de la muerte (Hilos de magia #1),Vanessa R. Migliore
Dos chicas en los confines del mundo,Laura Brooke Robson
El elegido (Trilogía El contendiente #1),Taran Matharu
En busca del alba (Desafía la noche #2),Brigid Kemmerer
El elixir de flor de luna (Desafía la noche #1),Brigid Kemmerer
En tierras lejanas (Deverill Chronicles #5),Santa Montefiore
"Tinta, sangre, hermana, escriba",Emma Törzs
Un mundo oscuro (Shades of Rust and Ruin #1),A. G. Howard
Una promesa audaz y mortal (Cursebreakers #3),Brigid Kemmerer
Un corazón valiente y roto (Cursebreakers #2),Brigid Kemmerer
Una maldición oscura y solitaria (Cursebreakers #1),Brigid Kemmerer
La ciudad de bronce (The Daevabad Trilogy #1),Shannon Chakraborty
Forjemos estrellas de plata (Forjemos estrellas de plata #1),Brigid Kemmerer
El secreto del río (Secretos del Nilo #1),Isabel Ibañez
El reino de cobre (The Daevabad Trilogy #2),Shannon Chakraborty
El jardín de los malditos (Cursebreaker #1),Katy Rose Pool
El beso de las nocturnas,Kate Armstrong
Darkhearts,James L. Sutter
Caza de brujas,Stacey Thomas
Hechicera de huesos. El amanecer (Bone Grace #2),Kathryn Purdie
Hechicera de huesos (Bone Grace #1),Kathryn Purdie
La corte de la Alta Montaña (Las cinco coronas de Okrith #1),A.K. Mulford
Las heroínas,Melissa Grey
A mi propio ritmo,Stefany Ramírez
Muerte y fortuna (Pequeños ladrones #1),Margaret Owen
Mentiras a Medianoche (Forgotten Gods Series #1),Marie Rutkoski
Mis tardes en el pequeño café de Tokio,Michiko Aoyama
Aquellos Que Estamos Destinados a Encontrar,Joan He
El vals de la bruja (Edición limitada),Belén Martínez
Bestias y Bellas: Doce Cuentos de Hadas Tenebrosos,Soman Chainani
Cuando me llames por mi nombre,Tucker Shaw
Misterio en Egipto (Colección Cozy Mistery #22),Elizabeth Petters
Un sueño compartido,Anna-Marie McLemore
Las encorsetadoras (El lenguaje de la magia #1),Cari Thomas
Una Ilusion De Venganza,Ana Trigo
El Dios De Los Finales,Jacqueline Holland
Noctem: La Ciudad de los muertos,Alyssa Wees
La tejedora del viento (El reino de los vestigios #1),Julie Johnson
Zhara (Guardians of Dawn #1),S. Jae-Jones
Portador del sol (Asesina de dioses #2),Hannah Kaner
La última sonrisa en Sunder City (Serie Los archivos de Fetch Phillips #1),Luke Arnold
La isla de los dioses (La isla de los dioses #1),Amie Kaufman
Las señoritas del circo secreto,Constance Sayers
La cruel mirada de los dioses (Gods Beyond the Skies #1),Molly X. Chang
Una ventana a la oscuridad (The Shepherd King #1),Rachel Gillig
Una verdad mortal (The Last Binding #2),Freya Marske
Un delirio encantador,Shea Ernshaw
Se acabó el cuento (Colección Cozy Mistery #28),Elizabeth Penney
Nuevos comienzos. Un retelling de Mujercitas,Bethany C. Morrow
Imperio de Sombra y Tormento (Bilogía Hikari #1),Paula Gallego
La sociedad de los siete ojos,Derek Milman
La bailarina italiana,Kristy Cambron
El código secreto,Sara Ackerman
El Dios en Llamas (La guerra de la Amapola #3),R.F. Kuang
Luna de agua,Samantha Sotto Yambao
El bosque Birnam,Eleanor Catton
La pequeña librería de los secretos,Jenny Colgan
Una tormenta de Té,Hafsah Faizal
Las cortes inmortales,A. M. Strickland
Un rey de invierno,Juan Arcones
Un rey de verano,Juan Arcones
La ciudad colgante,Charlie N. Holmberg
Las chicas Grimrose,Laura Pohl
Muerte entre Muffins de Arándanos (Colección Cozy Mistery #25),Joanne Fluke
Heartbreak Point,Juan Arcones
Camino de huesos (De las cenizas #1),Demi Winters
Una alquimia oscura (Crónicas de los hermanos Vincentt #1),Kristen Cárcamo
El reino de los secretos (Graceling #3),Kristin Cashore
El último monstruo (Graceling #2),Kristin Cashore
Pétalos de papel (Edición Limitada),Iria G. Parente Selene M. Pascual
Given #9,Natsuki Kizu
Given #8,Natsuki Kizu
Given #6,Natsuki Kizu
Érase una vez un rebelde (Serie Calaveras Redimidas #2),Mary Jo Putney
Érase una vez un canalla (Serie Calaveras Redimidas #3),Mary Jo Putney
Las manos cálidas de los fantasmas (Edición Exclusiva),Katherine Arden
Humo Blanco,Tiffany D. Jackson
Reino de Garras (De las cenizas #2),Demi Winters
Amanecer de Onyx (The Sacred Stones Trilogy #1),Kate Golden
La canción de la cazadora,Lucy Holland
Las sirenas,Emilia Hart
Vuelo hacia la libertad,Alice Hoffman
Una marea oscura y letal,Allison Saft
Te receto un gato,Syou Ishida
Un cadáver en Baker Street (Colección Cozy Mistery #19),Vicky Delany
Un trato con el diablo,Gabe Cole Novoa
Reina del Estío,Carmen Romero Lorenzo
Ruinas y sombras,Andrés Astasio
Cartas de otro mundo,Emily J. Taylor
La pelirroja de Auschwitz,Nechama Birnbaum
La niña salvaje,Kristin Hannah
Fuera de circulación (Colección Cozy Mistery #24),Miranda James
Frutos (Larga vida al rey #3),Irene Morales
Nuestra desquiciada historia de amor,Jandy Nelson
Noche de caballeros,Olivie Blake
Victoria (Premio Planeta 2024),Paloma Sanchez Garnica
Érase una vez un soldado (Serie Calaveras Redimidas #1),Mary Jo Putney
El perro que seguía las estrellas,Solyom Anna
El circo de la noche,Erin Morgenstern
Las aventuras de Finlay Ashowan (De Brujas y banquetes #1),Emilie Nikota
Asalto Medici,Caitlin Schneiderhan
La vieja familia (La saga de los longevos #1),Eva García Sáenz de Urturi
10 cosas que nunca pasaron,Alexis Hall
Quitral,Javi Zanelli
Given #3,Natsuki Kizu
Given #2,Natsuki Kizu
Given #7,Natsuki Kizu
Given #5,Natsuki Kizu
Given #4,Natsuki Kizu
Recuerda aquella vez,Adam Silvera
Los ecos del silencio,Bridget Collins
Los amantes de Auschwitz,Keren Blankfeld
La decimotercera hija,Erin A. Craig
Blanca Navidad y café negro (Colección Cozy Mistery #20),Cleo Coyle
La clínica de los no muertos,Vivian Shaw
Mi nombre es Morgana,Sophie Keetch
The lighting thief (Percy Jackson and The Olimpyans #1),Rick Riordan
Coronas Malditas (Coronas Gemelas #2),Catherine Doyle
Un asesino en las puertas (Una llama en las cenizas #3),Sabaa Tahir
Lengua de dragones (A Language of Dragons #1),S.F. Williamson
Un verano en el campamento,Elena Malisova
Sonó un violín en Paris,María Reig
Cuentos victorianos de fantasmas para Navidad,VV. AA
El mago Allen,Ezer. A. Fuentes
La ladrona de la corona,Alexandra Valeria
El Libro Maldito de Láruna: Las Batallas Divinas,C.F. Pizant
Siluetas en la penumbra,C. Nozomi
Frankie,J.M. Gutsch & Maxim Leo
Less está perdido,Andrew Sean Greer
El Gato que Cuidaba las Bibliotecas,Sosuke Natsukawa
Leyendas de Kalomaar: El Medallón del Sol Negro,Alberto Rojas M.
Ápohnin. Destino Radiante,J. J. Torrico
En el oscuro corazón del bosque,Naomi Novik
Wisteria (Belladonna #3),Adalyn Grace
Todas las hijas perdidas (Todas las criaturas oscuras #3),Paula Gallego
Lady Macbeth,Ava Reid
La balada de tres lunas,Marta Morillo
Los malos,Melissa Albert
La fortaleza,Javi Zanelli
Los extraordinarios (The Extraordinaries #1),T. J. Klune
Final de capítulo (Colección Cozy Mistery #21),Eliabeth Penney
noviembre 1942,Peter Englund
Larga vida al mal,Long Live Evil
Alguien descubrió el pastel (Colección Cozy Mistery #17),Krista Davis
La guerra de Inge,Svenja O'Donnell
El misterioso caso del impostor del Titanic,Carmen Posadas
Países de origen,Javier Fuentes
Escape de Viena,Weina Dai Randel
El violín de Goebbels,Yoann Iacono
El complejo de Atlas (Seis de Atlas #3),Olivie Blake
El hijo del Reich,Rafael Tarradas Bultó
Sangre y espina (Pequeños ladrones #2),Margaret Owen
Al final muere el primero,Adam Silvera
La luna del cazador,Costa Alcalá
El bosque Grimm (The Forest Grimm duology #1),Kathryn Purdie
Mareas curiosas (Drowned Gods #1),Pascale Lacelle
El niño que perdió la guerra,Julia Navarro
La maldición del maestro (Crónicas de la torre #2) Reedición,Laura Gallego
La llamada de los muertos (Crónicas de la torre #3) Reedición,Laura Gallego
"Fenris, el elfo (Crónicas de la torre #4) Reedición",Laura Gallego
"Tuyo, con pasión (Retelling de Orgullo y Prejuicio)",Gabe Cole Novoa
Paint,Lee Hee young
Ryan y Avery,David Levithan
Por nosotros,Becky Albertalli
Espérame,Santa Montefiore
El trono de fuego (Las crónicas de Kane #2),Rick Riordan
La sombra de la serpiente (Las crónicas de Kane #3),Rick Riordan
Las hermanas Mitford,Marie Benedict
La ciudad del polvo de estrellas,Gerogia Summers
El secreto de Paris,Natasha Lester
Todas las reinas malditas (Todas las criaturas oscuras #2),Paula Gallego
Mi probable favorito,Juan Arcones
La guardiana de las habitaciones encantadas (Whimbrel House #1),Charlie N. Holmberg
En busca de la magia,F.T. Lukens
El Pequeño Estudio de los Recuerdos Perdidos,Sanaka Hiiragi
Atalanta,Jennifer Saint
Conjuro de luz (Los colores de la magia #3),Victoria Schwab
40 Abrigos y un Botón,Ivan Sciapeconi
Bajo la luz de las estrellas,Caleb Roehrigh
Jane Eyre - Edición Especial,Charlotte Brontë
Pesadilla,Hans Fallada
El mapa de Emily Wilde de las Tierras Extrañas (Emily Wilde Enciclopedia de Hadas #2 ),Heather Fawcett
La Batalla de Occidente,Eric Vuillard
La esencia de nuestras almas,Tasha Suri
Una detective con olfato (Colección Cozy Mistery #15),Krista Davis
A de asesinato (Colección Cozy Mistery #13),Miranda James
Elemental querida lectora (Colección Cozy Mistery #8),Vicki Delany
Una espia muy real (Colección Cozy Mistery #16),Rhys Bowen
Punto Letal (Colección Cozy Mistery #14),Sally Goldenbaum
Mi amiga Anne Frank,Hannah Pick-Goslar
Fraternity,Andy Mientus
Wonder. La Lección de August (Edición Ilustrada con Capítulos Extra),R. J. Palacio
El beso de la realeza,Lindsey Duga
Lo que Nunca te han Contado del día D,Pere Cardona
Cazadores de Nazis,Damien Lewis
Harry Potter y el Misterio del Príncipe (Harry Potter - Edición 20th Aniversario #6),J.K Rowling
Harry Potter y La orden del Fénix (Harry Potter - Edición 20th Aniversario #5),J.K Rowling
Harry Potter y El cáliz de fuego (Harry Potter - Edición 20th Aniversario #4),J.K Rowling
Harry Potter y las Reliquías de la Muerte (Harry Potter - Edición 20th Aniversario #7),J.K Rowling
Harry Potter y El prisionero de Azkaban (Harry Potter - Edición 20th Aniversario #3),J.K Rowling
Harry Potter y La cámara secreta (Harry Potter - Edición 20th Aniversario #2),J.K Rowling
Harry Potter y La piedra filosofal (Harry Potter - Edición 20th Aniversario #1),J.K Rowling
Proyecto Moisés,I. Biggi
Big red one. Un rojo división de choque,Samuel Füller
Las chicas desaparecidas de París,Pan Jenoff
La biblioteca de los sueños imposibles,Lin Rina
El niño del tren,Paolo Casadio
El castillo a través del espejo,Mizuki Tsujimura
La prisionera de Vallenia (The prison Healer #2),Lynette Noni
Orgullo y prejuicio (Edición Blanco y negro),Jane Austen
La batalla por los puentes,Antony Beevor
Dresde,Sinclair McKay
Últimos testigos,Svetlana Alexiévich
Ortiga y hueso,T. Kingfisher
Un Concilio de sombras (Los colores de la magia #2),Victoria Schwab
Una magia más oscura (Los colores de la magia #1),Victoria Schwab
Un capuchino mortal (Colección Cozy Mistery #4),Creo Coyle
Unas galletas de muerte (Colección Cozy Mistery #1),Joanne Fluke
Una muerte de libro (Colección Cozy Mistery #5),Miranda James
Mentiras encubiertas (Colección Cozy Mistery #7),Kate Carlisle
Crimen descatalogado(Colección Cozy Mistery #3),Miranda James
Asesinato a las finas hierbas (Colección Cozy Mistery #10),Krista Davis
El imperio de marfil (Temerario #4),Naomi Novik
Shanghái Inmortal,A.Y. Chao
Fuimos los afortunados,Georgia Hunter
Tríada (Memorias de Idhún #2),Laura Gallego
Panteón (Memorias de Idhún #3),Laura Gallego
La chica que jugaba al ajedrez en Auschwitz,Gabriella Saab
Misterio en el club de lectura (Colección Cozy Mistery #9),Ellery Adams
Años turbulentos (El café del Ángel #2),Anne Jacobs
Para el lobo (Wilderwood #1),Hannah Whitten
Promesas crueles (Letters of Enchantment #2),Rebecca Ross
El último refugio. Las hermanas judías que acompañaron en el final de sus días a Ana Frank.,Roxane Van Iperen
La hija de Auschwitz,Tova Friedman
Todo lo Perdido y Encontrado,Lucy Foley
Donde mora la oscuridad,A.B. Poranek
De parte de la princesa muerta,Kenize Mourad
Los frágiles hilos del poder,Victoria Schwab
El juego de los deseos,Meg Schaffer
Radio Silencio,Alice Oseman
El libro de Gothel,Mary Mcmyne
Roxy,Neal Shusterman
De vuelta a casa,Mauren Lee
Ritos de primavera,Carmen Romero Lorenzo
La dama de la guerra,Marie Benedict
A la sombra de Einstein,Marie Benedict
El corazón del guerrero del Sol,Sue Lynn Tan
La Sanadora de Zalindov (The prison Healer #1),Lynette Noni
Un mar sin estrellas,Erin Morgenstern
Asesina de dioses,Hannah Kaner
El secreto de Agatha,Marie Benedict
Las Aventuras de Amina Al-Sirafi,Chakraborty Shannon
La estratega de la Cítara,Joan He
El arte de la profecía (War Arts #1),Wesley Chu
El asesinato del señor Wickam,Claudia Gray
Una venganza para mi enemigo,Olivie Blake
La paradoja de Atlas (Seis de Atlas #2),Olivie Blake
Valientemente,Maggie Stiefvater
Un fuego eterno,Rebecca Ross
La partida final,John Donoghue
Las chicas de la radio,Eva Wagendorfer
El secreto de la librera de París,Lily Graham
La leyenda del Último Reino,Amelie Wen Zhao
La guerra de la Amapola (La guerra de la Amapola #1),R.F. Kuang
El manzano,Christian Berkel
Agnes Grey,Anne Brontë
El ejército de Hitler,Omer Bartov
Yumi y el pintor de pesadillas,Brandon Sanderson
Un Final Llamado Inés,Daniela Viviani
Víctor 1907,Daniela Viviani
Un Príncipe Encantador,Alison Cochrun
Las Mujeres Weyward,Emilia Hart
Portofino 1926,J. P. O Connell
Todas las Vidas de Eva Ki,Cristian Acevedo
El Libro de Cocina de la Señorita Eliza,Annabel Abbs
La chica que nos devolvió el mar,Adrienne Young
La enciclopedia de hadas de Emily Wilde (Emily Wilde Enciclopedia de Hadas #1 ),Heather Fawcett
Una lección de tinta y venganza,Victoria Lee
El fin de la Historia,Sarah Dessen
Los secretos del Kremlin,Bernard Lecomte
El filo de la navaja,Somerset Maugham
"Mañana, y Mañana, y Mañana",Gabrielle Zevin
El caso Christie,Nina de Gramont
Historias de Esperanza,Heather Morris
El Secreto Fabergé,Charles Belfoure
Bromance. Club de lectura para caballeros,Lyssa Kay Adams
Cielos rebeldes (Rebel Skies #1),Ann Sei Lin
La princesa del Champán,Anette Fabiani
Un reino por teatro (Shadow Players #2),Heidi Heilig
Una musa de fuego (Shadow Players #1),Heidi Heilig
Coronas Gemelas (Coronas Gemelas #1),Katherine Webber
La mujer de blanco,William Wilkie Collins
Ella que Llegó a ser el sol,Shelly Parker Chan
¿Y si Fuéramos Nosotros?,Becky Albertalli
El diccionario de las palabras olvidadas,Pip Williams
La naturaleza de las brujas,Rachel Griffin
Tras la sombra de un submarino,Robert Kurson
El agua de la vida,Sara Gruen
La luz en lugares ocultos,Sharon Cameron
Las chicas del gueto,V.S. Alexander
Las rosas olvidadas,Martha Hall Kelly
Las mujeres de la casa de las lilas,Martha Hall Kelly
Centinela de los sueños,Emilio Lara
Tiempo de secretos en Deverill (Deverill Chronicles #4),Santa Montefiore
El último secreto de los Deverill (Deverill Chronicles #3),Santa Montefiore
Las hijas del castillo Deverill (Deverill Chronicles #2),Santa Montefiore
Canciones de amor y guerra (Deverill Chronicles #1),Santa Montefiore
La asesina y el príncipe (Graceling #1),Kristin Cashore
El corazón de la bruja,Genevieve Gornichec
Tiempo de Mujeres,Carmen Korn
Hijas de una nueva era,Carmen Korn
Las cuatro amigas,Carmen Korn
La otra mujer,Daniel Silva
La sonrisa del demonio,Tessa Gratton
Los claustros,Katy Hays
En el corazón del bosque,Kristin Harmel
La viajera nocturna,Armando Lucas Correa
Abejas Grises,Andrei Kurkov
La lista de la suerte,Rachael Lippincott
Los rebeldes,Sándor Marai
La luz después de la guerra,Anita Abriel
Hijas de la resistencia,Judy Batalion
La única elegida,Kiersten White
La paga de los soldados,William Faulkner
El puente de Clay,Markus Zusak
Ha vuelto,Timur Vermes
Mi Ucrania,Victoria Belim
Lennox,Craig Russell
En nuestros corazones éramos gigantes,Yehuda Koren
Hhhh,Laurent Binet
La voz de los valientes,Rafael Tarradas Bultó
"Yo, Dita Kraus, La bibliotecaria de Auschwitz",Dita Kraus
Todas las piezas rotas,John Boyne
Las cocineras de Fenley,Jennifer Ryan
Las costureras de Auchwitz,Lucy Adlington
El chico sobre la caja de madera,Leon Leyson
Una librería en Berlín,Francoise Frenkel
Los nazis sabían mi nombre,Magda Hellinger Maya Lee
Un océano entre nosotros,Gill Thompson
Cuando el mundo era joven,Carmen Korn
La mujer de la estrella azul,Pan Jenoff
Las hijas de la guerra,Brigitte Riebe
La chica que escapó de Auschtwitz,Ellie Midwood
La postal,Anne Berest
La enfermera de Auschwitz,Anna Stuart
La guerra de Courtney,Wilbur Smith
Antes de que se enfríe el café,Toshizaku Kawaguchi
Less,Andrew Sean Greer
La vida privada de Stalin,Lilly Marcou
El sol y la mentira,Iria G. Parente Selene M. Pascual
Secretos de la luna llena 3:Despedidas [Reedición],Iria G. Parente Selene M. Pascual
Una tormenta de fuego (Suspiro negro #1),Paula Gallego
Una tormenta de cenizas (Suspiro negro #2),Paula Gallego
Príncipe de la traición,Paula Gallego
Secretos de la luna llena 2:Encuentros [Reedición],Iria G. Parente Selene M. Pascual
Secretos de la luna llena 1: Alianzas [Reedición],Iria G. Parente Selene M. Pascual
La flor y la muerte (Olympus #1),Iria G. Parente Selene M. Pascual
La maldición de los sueños,Rebecca Ross
Así que esto no es un felices para siempre,F.T. Lukens
Tess del camino,Rachel Hartman
La última cazadora,Kiersten White
El bosque de las cosas perdidas,Shea Ernshaw
Al final mueren los dos,Adam Silvera
Todos somos villanos,M.L. Rio
Cartas desde el olvido,Anna Ellory
Breve Historia de Inglaterra (Simon Jenkins),Simon Jenkins
Seis Grullas (Six Crimson Cranes #1),Elizabeth Lim
El Clan de los Bombarderos,Malcolm Gladwell
La Traductora,Jose Gil Romero
Ana de Ingleside (Ana de las tejas verdes #6),Lucy Montgomery
Ana y la casa de sus sueños (Ana de las tejas verdes #5),Lucy Montgomery
Ana de álamos ventosos (Ana de las tejas verdes #4),Lucy Montgomery
Ana de la Isla (Ana de las tejas verdes #3),Lucy Montgomery
Ana de Avonlea (Ana de las tejas verdes #2),Lucy Montgomery
Piratas del firmamento,Adriana Criado
El Código Rosa,Kate Quinn
Los Lazos de la Tierra,Charlotte Link
Esa vida que imaginamos,Florencia Eluchans
Hotel Savoy. El periplo de una familia,Maxim Wahl
Hotel Savoy. El destino de una familia,Maxim Wahl
La maldición de Excalibur,Kiersten White
Una mujer sin importancia,Sonia Purnell
El viaje de Cilka,Heather Morris
Desviación,Luce d'Eramo
Ardenas 1944,Antony Beevor
La agenda roja,Sofia Lundberg
Soldados del Tercer Reich,Sönke Neitzel
Los aromas perdidos,Charlotte Link
Auschwitz,Esther Mucznik
Los niños de Irena,Tilar J. Mazzeo
El silencio de la ciudad blanca (Trilogía de la Ciudad Blanca #1),Eva García Sáenz de Urturi
El libro de los portales,Laura Gallego
El pintor de Auschwitz,Jacobo Celnik
Los Custodios del Tiempo,Alyson Richman
Monte Cassino,Sven Hassel
Operación Castigo,Max Hastings
Breve historia de Inglaterra (Duncan Townson),Duncan Townson
El italiano,Arturo Pérez-Reverte
Los señores del tiempo (Trilogía de La Ciudad Blanca #3),Eva García Sáenz de Urturi
La Primera Guerra Mundial,
El saboteador,Andrew Gross
Pretérito imperfecto,Nieves Concostrina Villarreal
La última descendiente,Rick Riordan
Las invitadas secretas,Benjamin Black
Hitler y el nuevo orden mundial,Abel Basti
Leningrado,Brian Moynahan
El jardín italiano,Alyson Richman
El Ladrón Nocturno,E. W. Hornung
Los ritos del agua (Trilogía de la Ciudad Blanca #2),Eva García Sáenz de Urturi
La Resistencia (Memorias de Idhún #1),Laura Gallego
Los cuatro vientos,Kristin Hannah
Chiripas de la Historia,Gonzalo Ugidos
El Código Da Vinci,Dan Brown
Arsene Lupin y la aguja hueca,Maurice Leblanc
La caída del Muro de Berlín,Ricardo Mart
Verity. La Sombra de un Engaño,Colleen Hoover
El Día más largo,Cornelius Ryan
Hijos de nazis,Tania Crasnianski
La Segunda Guerra Mundial,Martin Gilbert
El oscuro descenso de Elizabeth Frankenstein,Kiersten White
Ultimos dias en Berlin,Paloma Sanchez Garnica
Los últimos días de nuestros padres,Joël Dicker
Un tiempo nuevo (El café del Ángel #1),Anne Jacobs
Hijos de la Stasi,David Young
El barco de los muertos (Magnus Chase #3),Rick Riordan
Liquidad Paris,Sven Hassel
La matanza de Rechnitz,Sacha Batthyany
Peter Pan,J. M. Barrie
El último tren a la libertad,Meg Waite Clayton
Lágrimas en el mar,Ruta Sepetys
El vagón de los huérfanos,Pam Jenoff
"Menudas historias de la historia : anécdotas, despropósitos, algaradas y mamarrachadas de la humanidad",Nieves Concostrina
Violetas de Marzo,Philip Kerr
El Retrato de Dorian Gray,Oscar Wilde
La Luna Sobre El Soho,Ben Aaronovitch
El Niño En La Cima de La Montaña,John Boyne
Sombras Quemadas,Kamila Shamsie
El último día de Adolf Hitler,David Solar
La catadora de Hitler,V.S. Alexander
El triángulo de oro,Maurice Leblanc
Familias fatales,Ben Aaronovitch
Madame Bovary,Gustave Flaubert
Nos vemos allá arriba,Pierre Lemaitre
Una Obsesion Perversa,Victoria Schwab
Querida señora Bird,A.J. Pearce
Sangre azul,Danielle Steel
"Hitler, los alemanes y la solución final",Ian Kershaw
Una Venganza Mortal,Victoria Schwab
De noche sueño con la paz,Caroline Ulreich
"Arsenio Lupin, caballero-ladrón",Maurice Leblanc
Un Rio Encantado,Rebecca Ross
El Secreto de las Nubes,Alyson Richman
Diario,Hélène Berr
Cuentos de Los Hermanos Grimm,Wilhelm Grimm
La estación de las tormentas (La estación de las tormentas 1),Charlotte Link
Crónica de la Guerra Europea 1914-1918,Vicente Blasco Ibáñez
El tatuador de Auschwitz,Heather Morris
El Castillo Negro,Gaston Leroux
La Sombra del Viento,Carlos Ruiz Zafón
Las mujeres de la orquesta roja,Jennifer Chiaverini
El Último Mago,Lisa Maxwell
Las Aguas Rebeldes,Sara Raasch
Las furias invisibles del corazón,John Boyne
La red de Alice,Kate Quinn
La princesa de invierno,Paula Gallego
Reinos de cristal (Marabilia #5),Iria G. Parente Selene M. Pascual